file,md5
CO001.console.txt,5ee45fc5ba31c93a751a455c0c21095e
CO001.csv,b83995c8e17dd0515ffa05e5afa3355f
CO001.md,1cf9cefa605d80ca4076a13a25f06b1d
CO001_stored.csv,84134864486d44366565b558a7f8d749
CO002.console.txt,652d2f08f3ccc87314890d00287bf99e
CO002.csv,0fb409b19a7f8a9d28bafb1a32337931
CO002.md,19ea7542022841ff2d17a8067ea45f69
CO002_stored.csv,63479b218db2ad5a682c413a41dd625a
CO003.console.txt,96c199d92bd6464f86f68aa79639dedc
CO003.csv,f82e699b23a7263e97e969407d69aa44
CO003.md,a1e11f3a790e8387cc72cdf19bf7a7d4
CO003_stored.csv,dadd5843183e33c524d786ccdd902871
CO004.console.txt,0611377e2019cd93e1b66fd7c334e6cb
CO004.csv,f3393258e69f1064cc106ce363c0e34f
CO004.md,28c5e21c2ed71ff47fa56dc10124a01d
CO004_forest.csv,6b3d1b0ee147c703c4983dae6863bae1
CO004_stored.csv,76136133e4e55fa3036f00743669967e
CO005.console.txt,e75570546c06bc1c57c81110b492d86e
CO005.csv,208fa98a814ff047c9545313946fea05
CO005.md,425f7d48021020d1448de8dbbb4a3489
CO005_stored.csv,fb354e83590d6754251f59aa232e1112
CO006.console.txt,a6442fa85cdb73aa96c07a248bed2fb3
CO006.csv,dd2d89f5fbeff75c49bf05bd82c50182
CO006.md,eeb230241e6a80f9cb3f85209fb19813
CO006_stored.csv,321a3d50a3e721f037a50869444c29e2
SOURCE.csv,278569c5bc65695d9108a65b69a9eca2
artifacts.json,18810e0669c37f332d47b4df8e2a27ad
cleanup.json,bff78565d02c6105ad9ecfb5217e3433
comptab.xlsx,d5f08466a40ef38de00b143027cd8b20
driver.log,423fda087952ba3209444b0929164bf2
launch.json,459ad531aa9f30953335dbc0d592fd6d
process.log,d41d8cd98f00b204e9800998ecf8427e
