class,package,modelsummary_ok,gtsummary_ok,tabtools_ok,stata_equivalent,se_correct_via_tidy,notes
lm,stats,TRUE,TRUE,TRUE,regress,yes,"t(N-k); identical SEs in all three (probe se diff 2e-16). modelsummary/performance AIC counts sigma (k+1), Stata e(rank) does not (02_gof_stats)."
glm (logit),stats,TRUE,TRUE,TRUE,logit / logistic,"yes (~1e-7)","vcov.glm() is evaluated at the previous IRLS iterate (6e-8 here). But modelsummary and gtsummary default to PROFILE CIs for glm while p-values are Wald; Stata and regtab are Wald for both (08_side_by_side)."
glm (probit / cloglog / non-canonical),stats,TRUE,TRUE,TRUE,probit / cloglog / glm,no,"vcov.glm() uses the expected information; Stata vce(oim) the observed: 0.43% (probe) to 0.9% (08) off; tabtools tt_vcov(fit, 'stata') is exact."
glm (poisson),stats,TRUE,TRUE,TRUE,poisson,"yes (~1e-6)",""
glm (gaussian/Gamma/quasi; estimated dispersion),stats,TRUE,TRUE,TRUE,glm (family) ,partly,"R summary() uses t; Stata glm reports z and scale(x2) Pearson dispersion; regtab switches to z (Phase 4 P0-2)."
negbin,MASS,TRUE,TRUE,TRUE,nbreg,"yes (~2e-6)","vcov() conditions on theta; Stata's joint (beta, ln alpha) information differs slightly; regtab uses the joint block."
coxph,survival,TRUE,TRUE,TRUE,stcox,"yes if ties = 'breslow'; robust needs G/(G-1)","R default ties = Efron, Stata Breslow. Robust/cluster fits lack Stata's G/(G-1) (regtab adds it, Phase 5 P0-9). broom tidy.coxph puts the model-based se(coef) in std.error and the robust SE in robust.se while p uses the robust SE (broom R/survival-coxph.R:tidy.coxph). broom glance BIC uses nobs = nevent; Stata uses e(N)."
clogit,survival,TRUE,TRUE,FALSE,clogit,yes (exact conditional likelihood),"Not in the regtab allow-list (first class 'clogit', a coxph subclass). R clogit default method = 'exact', Stata clogit's likelihood. HIGH value for matched case-control epi; cheap via the coxph adapter."
survreg,survival,TRUE,TRUE,TRUE,streg (time) / intreg,yes (vcov),"Weibull ancillary is log(scale) = -ln_p; regtab maps it. Not probed beyond Weibull."
tobit,AER,TRUE,FALSE,TRUE,tobit,yes,"gtsummary fails: no broom tidy() method for <tobit/survreg>."
polr,MASS,TRUE,TRUE,TRUE,ologit / oprobit,approx (numerical Hessian),"polr's vcov() is optim()'s numerical Hessian (plan Phase 5a: up to 2e-4 off at Stata's estimates); regtab uses the analytic observed information."
clm,ordinal,TRUE,TRUE,TRUE,ologit / oprobit,yes,""
multinom,nnet,TRUE,TRUE,TRUE,mlogit,approx,"multinom() stops ~1e-4 from the maximum; SE names differ per y.level (probe could not match terms)."
zeroinfl,pscl,TRUE,TRUE,TRUE,zip / zinb,approx (numerical Hessian ~1e-4),"regtab uses the observed information from the analytic score."
hurdle,pscl,TRUE,TRUE,TRUE,none (shown in churdle layout),n/a,"No Stata count-hurdle command."
crr,cmprsk,TRUE,TRUE,TRUE,stcrreg,no (missing N/(N-1)),"0.13% here = sqrt(400/399); regtab multiplies by N/(N-1)."
coxph on finegray() data,survival,TRUE,TRUE,TRUE,stcrreg,no,"coxph treats expanded records as independent; stcrreg clusters by subject x N/(N-1) (plan Phase 5a R20)."
lmerMod,lme4,TRUE,TRUE,TRUE,mixed,"fixed effects yes; RE CIs differ","gtsummary needs broom.mixed. Stata mixed variance CIs are Wald on log SD; parameters/broom.mixed report SDs with other interval methods. modelsummary AIC for an ML fit is REML-based (performance estimator = 'REML' default, message hushed; 02_gof_stats)."
glmerMod,lme4,TRUE,TRUE,TRUE,melogit / mepoisson / meprobit / mecloglog / menbreg,approx (0.05% here),"lme4 vcov() is approximate for nAGQ > 1 and Laplace fits; regtab differentiates the deviance (Phase 5b)."
glmmTMB,glmmTMB,TRUE,TRUE,TRUE,mixed / me*,yes (sdreport),""
glmmTMB (ziformula / dispformula),glmmTMB,TRUE,TRUE,FALSE,none (no mixed zero-inflated command),n/a,"regtab refuses by design."
geeglm,geepack,TRUE,TRUE,TRUE,xtgee,no (different default),"tidy/parameters report geepack's robust sandwich (vbeta) without G/(G-1); xtgee's default is model-based (7.3% here). regtab: model-based by default, geepack robust under vce = 'model'."
svyglm,survey,TRUE,TRUE,FALSE,svy: logit / regress / poisson,"yes (vcov); df design-based","On branch phase5w (task 5.10) regtab supports it; main refuses. broom uses df.residual; Stata svy uses design df (survey::degf)."
svycoxph,survey,TRUE,TRUE,FALSE,svy: stcox,"CI/p yes; std.error column no","broom std.error = model-based se(coef) (3% below vcov(); probe), robust.se separate."
svyolr,survey,TRUE,TRUE,FALSE,svy: ologit,not probed,""
glm_weightit,WeightIt,TRUE,TRUE,FALSE,teffects ipw (identity-link y ~ treat only),yes (M-estimation),"phase5w task 5.11 adds it."
lme,nlme,TRUE,TRUE,TRUE,mixed,no for ML fits,"summary.lme() inflates fixed-effect SEs by sqrt(N/(N-p)) for method = 'ML' (adjustSigma = TRUE; 0.25-0.5% here); Stata mixed does not. Easy to fix in an adapter (use varFix). regtab supports it since task 5.19 (varFix, z; goldens R78-R82); correlation/weights structures refused."
gls,nlme,TRUE,TRUE,FALSE,mixed with residual structure only / xtgls (FGLS),n/a,"No direct Stata match."
glmmPQL,MASS,TRUE,TRUE,FALSE,none (PQL),no,"PQL is not ML; inherits the lme SE inflation."
lmerModLmerTest,lmerTest,TRUE,TRUE,FALSE,"mixed, dfmethod(satterthwaite)","SE yes; p uses Satterthwaite t","regtab refuses with a hint to as(fit, 'lmerMod'); Stata mixed default is z."
clmm,ordinal,TRUE,TRUE,FALSE,meologit,approx,"clmm default Laplace; Stata meologit default mvaghermite(7)."
coxme,coxme,TRUE,TRUE,FALSE,none (mestreg is PARAMETRIC; stcox shared() is gamma frailty),n/a,"regtab's refusal hint and the plan call coxme 'Stata mestreg': that pairing is wrong (see NOTES section 1)."
coxph + frailty() (coxph.penal),survival,TRUE,TRUE,FALSE,"stcox, shared() (gamma frailty)",no,"Penalized-likelihood variance; frailty variance not Stata's."
fixest (feols),fixest,TRUE,TRUE,FALSE,areg / xtreg fe / reghdfe (SSC),depends,"fixest 0.14 default vcov is IID with its own small-sample (ssc) rules; earlier versions clustered by the first FE. Needs a Stata probe per ssc setting. modelsummary adds R2 Within / Within Adj."
fixest (feglm logit),fixest,TRUE,TRUE,FALSE,logit i.fe (NOT xtlogit fe = conditional logit),depends,"Unconditional FE logit has incidental-parameter bias; Stata's xtlogit, fe is a different estimator."
fixest (fepois),fixest,TRUE,TRUE,FALSE,xtpoisson fe / ppmlhdfe (SSC),depends,"Estimates equal xtpoisson fe; SEs depend on vcov choice."
plm (within),plm,TRUE,TRUE,FALSE,"xtreg, fe",yes (classical; df N-n-k),"Random-effects plm ~ xtreg, re (Swamy-Arora); verify."
ivreg,AER / ivreg,TRUE,TRUE,FALSE,ivregress 2sls,no,"R: sigma^2 = RSS/(N-k) and t; Stata default: RSS/N and z (the 'small' option gives R's). Factor sqrt((N-k)/N)."
lm_robust,estimatr,TRUE,TRUE,FALSE,"regress, vce(robust|cluster)",only with se_type = 'stata',"Default se_type HC2 (clusters: CR2 with Bell-McCaffrey df); se_type = 'stata' gives HC1 / CR1 with G-1 df."
iv_robust,estimatr,TRUE,TRUE,FALSE,"ivregress 2sls, vce(robust)",only with se_type = 'stata',""
betareg,betareg,TRUE,TRUE,FALSE,betareg (Stata 14+),likely yes (ML; verify),"Precision (phi) submodel is an extra equation (Stata's scale equation)."
logistf,logistf,TRUE,TRUE,FALSE,firthlogit (SSC),no (by design),"logistf default CIs and p are profile penalized likelihood; firthlogit reports Wald z from the penalized Hessian."
rq,quantreg,TRUE,TRUE,FALSE,qreg,no,"tidy() gives rank-inversion CIs with no SE or p (summary.rq se = 'rank' for n < 1001); qreg default vce(iid)."
gam,mgcv,TRUE,TRUE,FALSE,none (user-written),n/a,"Parametric part uses the Bayesian Vp; smooths have no single coefficient."
rlm,MASS,TRUE,TRUE,FALSE,none (rreg is a different estimator),n/a,""
lavaan,lavaan,TRUE,TRUE,FALSE,sem,no (default information),"lavaan ML default information = 'expected'; Stata sem uses OIM."
mira (mice),mice,TRUE,TRUE,FALSE,mi estimate: <cmd>,no (df rule; per-imputation vcov()),"mice::pool() takes dfcom = df.residual() for every class, so a logit gets Barnard-Rubin with n-k where Stata uses the large-sample df (06_mice_pooling: df 131 vs 289 for the intercept). regtab(mira) errors with the misleading message 'does not support <call> models' (the list is taken as a list of models)."
mipo (mice pooled),mice,TRUE,TRUE,FALSE,mi estimate (after pooling),as mira,"regtab(mipo) errors 'needs the columns term and estimate' (a mipo is a data.frame subclass, taken as the escape hatch)."
brmsfit,brms,TRUE (parameters),TRUE (broom.mixed),FALSE,bayes: prefix,n/a (posterior summaries),"Not installed here; not probed. Posterior median/credible intervals; no Stata-parity target."
stanreg,rstanarm,TRUE (parameters),TRUE (broom.mixed),FALSE,bayes: prefix,n/a,"Not installed here; not probed."
