row,col,row_term,column_term,value
1,1,ATE:r1vs0.treated,ATE:r1vs0.treated,1.6639551349488199e-04
1,2,ATE:r1vs0.treated,POmean:0.treated,-4.4172447150163003e-05
1,3,ATE:r1vs0.treated,OME0:index_age,-4.6553249713753477e-07
1,4,ATE:r1vs0.treated,OME0:female,2.0915706085528056e-06
1,5,ATE:r1vs0.treated,OME0:1b.education,0.0000000000000000e+00
1,6,ATE:r1vs0.treated,OME0:2.education,-7.8298831077365036e-07
1,7,ATE:r1vs0.treated,OME0:3.education,-1.0682049049225760e-06
1,8,ATE:r1vs0.treated,OME0:diabetes,-2.4631636667394123e-05
1,9,ATE:r1vs0.treated,OME0:hypertension,-2.1384232922722624e-05
1,10,ATE:r1vs0.treated,OME0:anxiety,-1.6220734104777943e-06
1,11,ATE:r1vs0.treated,OME0:_cons,1.4990727827807962e-05
1,12,ATE:r1vs0.treated,OME1:index_age,-1.2905798511555435e-06
1,13,ATE:r1vs0.treated,OME1:female,7.6634108329317571e-06
1,14,ATE:r1vs0.treated,OME1:1b.education,0.0000000000000000e+00
1,15,ATE:r1vs0.treated,OME1:2.education,2.7976400301588240e-06
1,16,ATE:r1vs0.treated,OME1:3.education,6.7855725746684243e-07
1,17,ATE:r1vs0.treated,OME1:diabetes,-5.6171706320517714e-05
1,18,ATE:r1vs0.treated,OME1:hypertension,-5.1433149204953331e-05
1,19,ATE:r1vs0.treated,OME1:anxiety,-1.9826307407808632e-06
1,20,ATE:r1vs0.treated,OME1:_cons,1.9076537119781171e-04
1,21,ATE:r1vs0.treated,TME1:index_age,6.1641486627615103e-08
1,22,ATE:r1vs0.treated,TME1:female,1.1692467345090984e-07
1,23,ATE:r1vs0.treated,TME1:1b.education,0.0000000000000000e+00
1,24,ATE:r1vs0.treated,TME1:2.education,-2.1859392759596270e-07
1,25,ATE:r1vs0.treated,TME1:3.education,3.3769281620765780e-07
1,26,ATE:r1vs0.treated,TME1:diabetes,3.1638818405801569e-07
1,27,ATE:r1vs0.treated,TME1:hypertension,2.6313513341316651e-07
1,28,ATE:r1vs0.treated,TME1:anxiety,1.1296517639738414e-06
1,29,ATE:r1vs0.treated,TME1:_cons,-4.6436202267763787e-06
2,1,POmean:0.treated,ATE:r1vs0.treated,-4.4172447150163003e-05
2,2,POmean:0.treated,POmean:0.treated,4.4280304818239134e-05
2,3,POmean:0.treated,OME0:index_age,4.6925155175972864e-07
2,4,POmean:0.treated,OME0:female,-2.1216431308321528e-06
2,5,POmean:0.treated,OME0:1b.education,0.0000000000000000e+00
2,6,POmean:0.treated,OME0:2.education,6.6411954376189298e-07
2,7,POmean:0.treated,OME0:3.education,1.0494314129069907e-06
2,8,POmean:0.treated,OME0:diabetes,2.4664910775976735e-05
2,9,POmean:0.treated,OME0:hypertension,2.1406565427896559e-05
2,10,POmean:0.treated,OME0:anxiety,1.6121125626204879e-06
2,11,POmean:0.treated,OME0:_cons,-1.5111658065970465e-05
2,12,POmean:0.treated,OME1:index_age,-9.3182294330563279e-10
2,13,POmean:0.treated,OME1:female,-1.3249751243632741e-08
2,14,POmean:0.treated,OME1:1b.education,0.0000000000000000e+00
2,15,POmean:0.treated,OME1:2.education,5.3740661616390752e-08
2,16,POmean:0.treated,OME1:3.education,-8.3014888299633369e-09
2,17,POmean:0.treated,OME1:diabetes,-9.4173786538804511e-08
2,18,POmean:0.treated,OME1:hypertension,-9.5255784082894218e-08
2,19,POmean:0.treated,OME1:anxiety,1.5368719250550374e-09
2,20,POmean:0.treated,OME1:_cons,1.9656213603816606e-07
2,21,POmean:0.treated,TME1:index_age,-7.3127654319078241e-09
2,22,POmean:0.treated,TME1:female,-7.4662811859925756e-08
2,23,POmean:0.treated,TME1:1b.education,0.0000000000000000e+00
2,24,POmean:0.treated,TME1:2.education,-1.3952248359877013e-07
2,25,POmean:0.treated,TME1:3.education,-2.7406422551351820e-07
2,26,POmean:0.treated,TME1:diabetes,2.7715505029868690e-08
2,27,POmean:0.treated,TME1:hypertension,9.2573010173937079e-08
2,28,POmean:0.treated,TME1:anxiety,-1.3042527756152578e-07
2,29,POmean:0.treated,TME1:_cons,5.6472796458523547e-07
3,1,OME0:index_age,ATE:r1vs0.treated,-4.6553249713753477e-07
3,2,OME0:index_age,POmean:0.treated,4.6925155175972864e-07
3,3,OME0:index_age,OME0:index_age,1.3999279298031796e-07
3,4,OME0:index_age,OME0:female,5.3340978911787148e-08
3,5,OME0:index_age,OME0:1b.education,0.0000000000000000e+00
3,6,OME0:index_age,OME0:2.education,1.0158981689193343e-08
3,7,OME0:index_age,OME0:3.education,1.5944032098698680e-09
3,8,OME0:index_age,OME0:diabetes,2.7475443026695945e-07
3,9,OME0:index_age,OME0:hypertension,2.8037305887732940e-07
3,10,OME0:index_age,OME0:anxiety,-7.7048494158206598e-08
3,11,OME0:index_age,OME0:_cons,-7.9561209895861643e-06
3,12,OME0:index_age,OME1:index_age,-1.0629796663416668e-23
3,13,OME0:index_age,OME1:female,5.6032891024587076e-21
3,14,OME0:index_age,OME1:1b.education,0.0000000000000000e+00
3,15,OME0:index_age,OME1:2.education,8.4017968098592614e-21
3,16,OME0:index_age,OME1:3.education,7.2419904441383773e-21
3,17,OME0:index_age,OME1:diabetes,-1.3726267851359759e-20
3,18,OME0:index_age,OME1:hypertension,-1.1211853955971466e-20
3,19,OME0:index_age,OME1:anxiety,2.5971521654725494e-21
3,20,OME0:index_age,OME1:_cons,-1.0473526411757699e-20
3,21,OME0:index_age,TME1:index_age,2.0848970073750323e-09
3,22,OME0:index_age,TME1:female,-1.1403011541625408e-07
3,23,OME0:index_age,TME1:1b.education,0.0000000000000000e+00
3,24,OME0:index_age,TME1:2.education,-2.3971675438276456e-07
3,25,OME0:index_age,TME1:3.education,7.7117654307790443e-08
3,26,OME0:index_age,TME1:diabetes,-6.1906006119095076e-08
3,27,OME0:index_age,TME1:hypertension,4.7576380741099146e-08
3,28,OME0:index_age,TME1:anxiety,-6.0412567324450733e-08
3,29,OME0:index_age,TME1:_cons,7.9275810692472132e-08
4,1,OME0:female,ATE:r1vs0.treated,2.0915706085528056e-06
4,2,OME0:female,POmean:0.treated,-2.1216431308321528e-06
4,3,OME0:female,OME0:index_age,5.3340978911787148e-08
4,4,OME0:female,OME0:female,1.0589855321370328e-04
4,5,OME0:female,OME0:1b.education,0.0000000000000000e+00
4,6,OME0:female,OME0:2.education,-1.3443737234659811e-06
4,7,OME0:female,OME0:3.education,-4.4100894395787582e-07
4,8,OME0:female,OME0:diabetes,-1.0933153823686462e-06
4,9,OME0:female,OME0:hypertension,-1.0037005357668384e-06
4,10,OME0:female,OME0:anxiety,5.0013613035309846e-07
4,11,OME0:female,OME0:_cons,-6.7210871029598250e-05
4,12,OME0:female,OME1:index_age,-6.6339051753330567e-19
4,13,OME0:female,OME1:female,-1.1006521176599745e-17
4,14,OME0:female,OME1:1b.education,0.0000000000000000e+00
4,15,OME0:female,OME1:2.education,-8.9693191921528675e-18
4,16,OME0:female,OME1:3.education,-8.6120912814040972e-18
4,17,OME0:female,OME1:diabetes,1.4052084672420784e-17
4,18,OME0:female,OME1:hypertension,1.6001882560952365e-17
4,19,OME0:female,OME1:anxiety,-5.5209052652073676e-18
4,20,OME0:female,OME1:_cons,2.1594151996133131e-17
4,21,OME0:female,TME1:index_age,-1.1064813206306278e-07
4,22,OME0:female,TME1:female,2.4611500231050549e-06
4,23,OME0:female,TME1:1b.education,0.0000000000000000e+00
4,24,OME0:female,TME1:2.education,3.9268177020519115e-07
4,25,OME0:female,TME1:3.education,9.9739607982513761e-07
4,26,OME0:female,TME1:diabetes,-6.2348552817259776e-06
4,27,OME0:female,TME1:hypertension,3.9026342060071205e-06
4,28,OME0:female,TME1:anxiety,1.6230526540108778e-06
4,29,OME0:female,TME1:_cons,3.4352519420222604e-06
5,1,OME0:1b.education,ATE:r1vs0.treated,0.0000000000000000e+00
5,2,OME0:1b.education,POmean:0.treated,0.0000000000000000e+00
5,3,OME0:1b.education,OME0:index_age,0.0000000000000000e+00
5,4,OME0:1b.education,OME0:female,0.0000000000000000e+00
5,5,OME0:1b.education,OME0:1b.education,0.0000000000000000e+00
5,6,OME0:1b.education,OME0:2.education,0.0000000000000000e+00
5,7,OME0:1b.education,OME0:3.education,0.0000000000000000e+00
5,8,OME0:1b.education,OME0:diabetes,0.0000000000000000e+00
5,9,OME0:1b.education,OME0:hypertension,0.0000000000000000e+00
5,10,OME0:1b.education,OME0:anxiety,0.0000000000000000e+00
5,11,OME0:1b.education,OME0:_cons,0.0000000000000000e+00
5,12,OME0:1b.education,OME1:index_age,0.0000000000000000e+00
5,13,OME0:1b.education,OME1:female,0.0000000000000000e+00
5,14,OME0:1b.education,OME1:1b.education,0.0000000000000000e+00
5,15,OME0:1b.education,OME1:2.education,0.0000000000000000e+00
5,16,OME0:1b.education,OME1:3.education,0.0000000000000000e+00
5,17,OME0:1b.education,OME1:diabetes,0.0000000000000000e+00
5,18,OME0:1b.education,OME1:hypertension,0.0000000000000000e+00
5,19,OME0:1b.education,OME1:anxiety,0.0000000000000000e+00
5,20,OME0:1b.education,OME1:_cons,0.0000000000000000e+00
5,21,OME0:1b.education,TME1:index_age,0.0000000000000000e+00
5,22,OME0:1b.education,TME1:female,0.0000000000000000e+00
5,23,OME0:1b.education,TME1:1b.education,0.0000000000000000e+00
5,24,OME0:1b.education,TME1:2.education,0.0000000000000000e+00
5,25,OME0:1b.education,TME1:3.education,0.0000000000000000e+00
5,26,OME0:1b.education,TME1:diabetes,0.0000000000000000e+00
5,27,OME0:1b.education,TME1:hypertension,0.0000000000000000e+00
5,28,OME0:1b.education,TME1:anxiety,0.0000000000000000e+00
5,29,OME0:1b.education,TME1:_cons,0.0000000000000000e+00
6,1,OME0:2.education,ATE:r1vs0.treated,-7.8298831077365036e-07
6,2,OME0:2.education,POmean:0.treated,6.6411954376189298e-07
6,3,OME0:2.education,OME0:index_age,1.0158981689193343e-08
6,4,OME0:2.education,OME0:female,-1.3443737234659811e-06
6,5,OME0:2.education,OME0:1b.education,0.0000000000000000e+00
6,6,OME0:2.education,OME0:2.education,1.5873271933230737e-04
6,7,OME0:2.education,OME0:3.education,9.4839834789952352e-05
6,8,OME0:2.education,OME0:diabetes,-1.2426422846344792e-06
6,9,OME0:2.education,OME0:hypertension,-1.4720732517473018e-07
6,10,OME0:2.education,OME0:anxiety,-2.8735604304116848e-06
6,11,OME0:2.education,OME0:_cons,-9.2384473401869980e-05
6,12,OME0:2.education,OME1:index_age,8.2954012453528091e-20
6,13,OME0:2.education,OME1:female,2.0133076566752253e-19
6,14,OME0:2.education,OME1:1b.education,0.0000000000000000e+00
6,15,OME0:2.education,OME1:2.education,1.4071900783374426e-19
6,16,OME0:2.education,OME1:3.education,2.4784763805053897e-19
6,17,OME0:2.education,OME1:diabetes,-1.8621409181908948e-19
6,18,OME0:2.education,OME1:hypertension,-2.7147810800072426e-19
6,19,OME0:2.education,OME1:anxiety,1.8620488245509036e-19
6,20,OME0:2.education,OME1:_cons,-7.6843840365140144e-19
6,21,OME0:2.education,TME1:index_age,-2.6610957684229050e-07
6,22,OME0:2.education,TME1:female,5.1554853775337288e-07
6,23,OME0:2.education,TME1:1b.education,0.0000000000000000e+00
6,24,OME0:2.education,TME1:2.education,1.8455119655110663e-06
6,25,OME0:2.education,TME1:3.education,2.3801015439285756e-06
6,26,OME0:2.education,TME1:diabetes,-2.2915371192773208e-06
6,27,OME0:2.education,TME1:hypertension,-2.1159348154097743e-06
6,28,OME0:2.education,TME1:anxiety,-4.9455624351954926e-06
6,29,OME0:2.education,TME1:_cons,1.9044466995154280e-05
7,1,OME0:3.education,ATE:r1vs0.treated,-1.0682049049225760e-06
7,2,OME0:3.education,POmean:0.treated,1.0494314129069907e-06
7,3,OME0:3.education,OME0:index_age,1.5944032098698680e-09
7,4,OME0:3.education,OME0:female,-4.4100894395787582e-07
7,5,OME0:3.education,OME0:1b.education,0.0000000000000000e+00
7,6,OME0:3.education,OME0:2.education,9.4839834789952352e-05
7,7,OME0:3.education,OME0:3.education,1.6775033734737363e-04
7,8,OME0:3.education,OME0:diabetes,-4.6306529698919696e-07
7,9,OME0:3.education,OME0:hypertension,-3.1728450251602993e-08
7,10,OME0:3.education,OME0:anxiety,-1.9713212580839485e-06
7,11,OME0:3.education,OME0:_cons,-9.3260418451253437e-05
7,12,OME0:3.education,OME1:index_age,6.5301614603332454e-20
7,13,OME0:3.education,OME1:female,8.2798439235943621e-20
7,14,OME0:3.education,OME1:1b.education,0.0000000000000000e+00
7,15,OME0:3.education,OME1:2.education,4.5464763953878297e-20
7,16,OME0:3.education,OME1:3.education,1.5391208629444318e-19
7,17,OME0:3.education,OME1:diabetes,1.2317290828151179e-19
7,18,OME0:3.education,OME1:hypertension,4.0493006494156931e-20
7,19,OME0:3.education,OME1:anxiety,1.5082917670607257e-19
7,20,OME0:3.education,OME1:_cons,-1.2454955086558124e-18
7,21,OME0:3.education,TME1:index_age,7.6072332773475198e-08
7,22,OME0:3.education,TME1:female,9.6525246867724927e-07
7,23,OME0:3.education,TME1:1b.education,0.0000000000000000e+00
7,24,OME0:3.education,TME1:2.education,2.2315735152048207e-06
7,25,OME0:3.education,TME1:3.education,3.9106780182937783e-06
7,26,OME0:3.education,TME1:diabetes,-1.0610914638523438e-06
7,27,OME0:3.education,TME1:hypertension,3.3662463885555833e-07
7,28,OME0:3.education,TME1:anxiety,-5.6040104924165407e-06
7,29,OME0:3.education,TME1:_cons,-2.9961363759819555e-06
8,1,OME0:diabetes,ATE:r1vs0.treated,-2.4631636667394123e-05
8,2,OME0:diabetes,POmean:0.treated,2.4664910775976735e-05
8,3,OME0:diabetes,OME0:index_age,2.7475443026695945e-07
8,4,OME0:diabetes,OME0:female,-1.0933153823686462e-06
8,5,OME0:diabetes,OME0:1b.education,0.0000000000000000e+00
8,6,OME0:diabetes,OME0:2.education,-1.2426422846344792e-06
8,7,OME0:diabetes,OME0:3.education,-4.6306529698919696e-07
8,8,OME0:diabetes,OME0:diabetes,1.2658515615577022e-04
8,9,OME0:diabetes,OME0:hypertension,9.1397842101618674e-06
8,10,OME0:diabetes,OME0:anxiety,-1.1728658605669957e-05
8,11,OME0:diabetes,OME0:_cons,-4.4816266607997072e-05
8,12,OME0:diabetes,OME1:index_age,6.4280788118031629e-20
8,13,OME0:diabetes,OME1:female,4.5761316439304631e-19
8,14,OME0:diabetes,OME1:1b.education,0.0000000000000000e+00
8,15,OME0:diabetes,OME1:2.education,4.2252591781379971e-19
8,16,OME0:diabetes,OME1:3.education,4.2436702846674320e-19
8,17,OME0:diabetes,OME1:diabetes,-1.6550518872891479e-19
8,18,OME0:diabetes,OME1:hypertension,-3.2396597278388687e-19
8,19,OME0:diabetes,OME1:anxiety,4.0373321101700072e-19
8,20,OME0:diabetes,OME1:_cons,-4.1191378809394714e-18
8,21,OME0:diabetes,TME1:index_age,-7.6980683228792792e-08
8,22,OME0:diabetes,TME1:female,-9.3559911097429391e-06
8,23,OME0:diabetes,TME1:1b.education,0.0000000000000000e+00
8,24,OME0:diabetes,TME1:2.education,-2.2079102247412041e-06
8,25,OME0:diabetes,TME1:3.education,-1.4977371460085128e-06
8,26,OME0:diabetes,TME1:diabetes,3.2466095952392755e-06
8,27,OME0:diabetes,TME1:hypertension,3.7657057158188317e-06
8,28,OME0:diabetes,TME1:anxiety,-4.1747325403051791e-06
8,29,OME0:diabetes,TME1:_cons,1.1702218692844860e-05
9,1,OME0:hypertension,ATE:r1vs0.treated,-2.1384232922722624e-05
9,2,OME0:hypertension,POmean:0.treated,2.1406565427896559e-05
9,3,OME0:hypertension,OME0:index_age,2.8037305887732940e-07
9,4,OME0:hypertension,OME0:female,-1.0037005357668384e-06
9,5,OME0:hypertension,OME0:1b.education,0.0000000000000000e+00
9,6,OME0:hypertension,OME0:2.education,-1.4720732517473018e-07
9,7,OME0:hypertension,OME0:3.education,-3.1728450251602993e-08
9,8,OME0:hypertension,OME0:diabetes,9.1397842101618674e-06
9,9,OME0:hypertension,OME0:hypertension,1.1996376784466252e-04
9,10,OME0:hypertension,OME0:anxiety,-1.3149248013451785e-05
9,11,OME0:hypertension,OME0:_cons,-4.6200074776535507e-05
9,12,OME0:hypertension,OME1:index_age,4.8150223918108885e-20
9,13,OME0:hypertension,OME1:female,2.9706821701726380e-19
9,14,OME0:hypertension,OME1:1b.education,0.0000000000000000e+00
9,15,OME0:hypertension,OME1:2.education,3.7301553599646006e-19
9,16,OME0:hypertension,OME1:3.education,3.7206209942003164e-19
9,17,OME0:hypertension,OME1:diabetes,2.8873956506518976e-19
9,18,OME0:hypertension,OME1:hypertension,1.1539022309887622e-19
9,19,OME0:hypertension,OME1:anxiety,3.7505686823012301e-19
9,20,OME0:hypertension,OME1:_cons,-4.7205757823956331e-18
9,21,OME0:hypertension,TME1:index_age,7.6240766731509352e-08
9,22,OME0:hypertension,TME1:female,4.6844754135834747e-06
9,23,OME0:hypertension,TME1:1b.education,0.0000000000000000e+00
9,24,OME0:hypertension,TME1:2.education,-2.0664021784095043e-06
9,25,OME0:hypertension,TME1:3.education,4.9405126367279783e-07
9,26,OME0:hypertension,TME1:diabetes,3.3364248357312642e-06
9,27,OME0:hypertension,TME1:hypertension,3.1835537150125660e-06
9,28,OME0:hypertension,TME1:anxiety,-1.9617880956865195e-06
9,29,OME0:hypertension,TME1:_cons,-7.5369143141123774e-06
10,1,OME0:anxiety,ATE:r1vs0.treated,-1.6220734104777943e-06
10,2,OME0:anxiety,POmean:0.treated,1.6121125626204879e-06
10,3,OME0:anxiety,OME0:index_age,-7.7048494158206598e-08
10,4,OME0:anxiety,OME0:female,5.0013613035309846e-07
10,5,OME0:anxiety,OME0:1b.education,0.0000000000000000e+00
10,6,OME0:anxiety,OME0:2.education,-2.8735604304116848e-06
10,7,OME0:anxiety,OME0:3.education,-1.9713212580839485e-06
10,8,OME0:anxiety,OME0:diabetes,-1.1728658605669957e-05
10,9,OME0:anxiety,OME0:hypertension,-1.3149248013451785e-05
10,10,OME0:anxiety,OME0:anxiety,1.0975892666489419e-04
10,11,OME0:anxiety,OME0:_cons,-5.5966547476006017e-05
10,12,OME0:anxiety,OME1:index_age,1.8952235140637785e-20
10,13,OME0:anxiety,OME1:female,-1.6846625980775339e-19
10,14,OME0:anxiety,OME1:1b.education,0.0000000000000000e+00
10,15,OME0:anxiety,OME1:2.education,-7.7296246929119176e-20
10,16,OME0:anxiety,OME1:3.education,3.2729766121215723e-21
10,17,OME0:anxiety,OME1:diabetes,9.9294573294385342e-19
10,18,OME0:anxiety,OME1:hypertension,9.3695028014636545e-19
10,19,OME0:anxiety,OME1:anxiety,4.3381483450676822e-20
10,20,OME0:anxiety,OME1:_cons,-3.4638132363131686e-18
10,21,OME0:anxiety,TME1:index_age,-6.4333658145921412e-08
10,22,OME0:anxiety,TME1:female,1.5077423942144487e-06
10,23,OME0:anxiety,TME1:1b.education,0.0000000000000000e+00
10,24,OME0:anxiety,TME1:2.education,-4.4965662237956361e-06
10,25,OME0:anxiety,TME1:3.education,-5.0564606853744116e-06
10,26,OME0:anxiety,TME1:diabetes,-3.3903085850094254e-06
10,27,OME0:anxiety,TME1:hypertension,-1.9917426452597506e-06
10,28,OME0:anxiety,TME1:anxiety,2.4583740598175918e-06
10,29,OME0:anxiety,TME1:_cons,7.2543252554438385e-06
11,1,OME0:_cons,ATE:r1vs0.treated,1.4990727827807962e-05
11,2,OME0:_cons,POmean:0.treated,-1.5111658065970465e-05
11,3,OME0:_cons,OME0:index_age,-7.9561209895861643e-06
11,4,OME0:_cons,OME0:female,-6.7210871029598250e-05
11,5,OME0:_cons,OME0:1b.education,0.0000000000000000e+00
11,6,OME0:_cons,OME0:2.education,-9.2384473401869980e-05
11,7,OME0:_cons,OME0:3.education,-9.3260418451253437e-05
11,8,OME0:_cons,OME0:diabetes,-4.4816266607997072e-05
11,9,OME0:_cons,OME0:hypertension,-4.6200074776535507e-05
11,10,OME0:_cons,OME0:anxiety,-5.5966547476006017e-05
11,11,OME0:_cons,OME0:_cons,6.4020433773155291e-04
11,12,OME0:_cons,OME1:index_age,3.7536738162100634e-19
11,13,OME0:_cons,OME1:female,6.4786941327019703e-18
11,14,OME0:_cons,OME1:1b.education,0.0000000000000000e+00
11,15,OME0:_cons,OME1:2.education,5.0647263876136083e-18
11,16,OME0:_cons,OME1:3.education,4.7894394073430929e-18
11,17,OME0:_cons,OME1:diabetes,-8.1121089722560443e-18
11,18,OME0:_cons,OME1:hypertension,-9.4826851820157988e-18
11,19,OME0:_cons,OME1:anxiety,3.2457325555527855e-18
11,20,OME0:_cons,OME1:_cons,-1.2243980518878509e-17
11,21,OME0:_cons,TME1:index_age,9.0928458515674478e-08
11,22,OME0:_cons,TME1:female,3.3216153022652576e-06
11,23,OME0:_cons,TME1:1b.education,0.0000000000000000e+00
11,24,OME0:_cons,TME1:2.education,1.5063478315710861e-05
11,25,OME0:_cons,TME1:3.education,-3.6796722259384151e-06
11,26,OME0:_cons,TME1:diabetes,9.6513638034848549e-06
11,27,OME0:_cons,TME1:hypertension,-4.0847914967939247e-06
11,28,OME0:_cons,TME1:anxiety,6.1181053711549384e-06
11,29,OME0:_cons,TME1:_cons,-1.9410758241357982e-05
12,1,OME1:index_age,ATE:r1vs0.treated,-1.2905798511555435e-06
12,2,OME1:index_age,POmean:0.treated,-9.3182294330563279e-10
12,3,OME1:index_age,OME0:index_age,-1.0629796663416668e-23
12,4,OME1:index_age,OME0:female,-6.6339051753330567e-19
12,5,OME1:index_age,OME0:1b.education,0.0000000000000000e+00
12,6,OME1:index_age,OME0:2.education,8.2954012453528091e-20
12,7,OME1:index_age,OME0:3.education,6.5301614603332454e-20
12,8,OME1:index_age,OME0:diabetes,6.4280788118031629e-20
12,9,OME1:index_age,OME0:hypertension,4.8150223918108885e-20
12,10,OME1:index_age,OME0:anxiety,1.8952235140637785e-20
12,11,OME1:index_age,OME0:_cons,3.7536738162100634e-19
12,12,OME1:index_age,OME1:index_age,2.5531139984503397e-07
12,13,OME1:index_age,OME1:female,-1.8360793407210647e-07
12,14,OME1:index_age,OME1:1b.education,0.0000000000000000e+00
12,15,OME1:index_age,OME1:2.education,-4.6709785830264700e-08
12,16,OME1:index_age,OME1:3.education,6.0001769884515868e-08
12,17,OME1:index_age,OME1:diabetes,6.9849962446282883e-07
12,18,OME1:index_age,OME1:hypertension,5.8445500924793505e-07
12,19,OME1:index_age,OME1:anxiety,-1.1527232647575606e-07
12,20,OME1:index_age,OME1:_cons,-1.6541779450503357e-05
12,21,OME1:index_age,TME1:index_age,1.5618058174839621e-08
12,22,OME1:index_age,TME1:female,-1.9755723822039602e-08
12,23,OME1:index_age,TME1:1b.education,0.0000000000000000e+00
12,24,OME1:index_age,TME1:2.education,-2.0134286185159303e-07
12,25,OME1:index_age,TME1:3.education,6.2995739262963513e-09
12,26,OME1:index_age,TME1:diabetes,3.3534437491053376e-07
12,27,OME1:index_age,TME1:hypertension,1.2901291938302678e-07
12,28,OME1:index_age,TME1:anxiety,1.5014505136731218e-07
12,29,OME1:index_age,TME1:_cons,-1.2728334876093516e-06
13,1,OME1:female,ATE:r1vs0.treated,7.6634108329317571e-06
13,2,OME1:female,POmean:0.treated,-1.3249751243632741e-08
13,3,OME1:female,OME0:index_age,5.6032891024587076e-21
13,4,OME1:female,OME0:female,-1.1006521176599745e-17
13,5,OME1:female,OME0:1b.education,0.0000000000000000e+00
13,6,OME1:female,OME0:2.education,2.0133076566752253e-19
13,7,OME1:female,OME0:3.education,8.2798439235943621e-20
13,8,OME1:female,OME0:diabetes,4.5761316439304631e-19
13,9,OME1:female,OME0:hypertension,2.9706821701726380e-19
13,10,OME1:female,OME0:anxiety,-1.6846625980775339e-19
13,11,OME1:female,OME0:_cons,6.4786941327019703e-18
13,12,OME1:female,OME1:index_age,-1.8360793407210647e-07
13,13,OME1:female,OME1:female,1.5596849451384644e-04
13,14,OME1:female,OME1:1b.education,0.0000000000000000e+00
13,15,OME1:female,OME1:2.education,-3.0384870148972132e-06
13,16,OME1:female,OME1:3.education,-2.2463755030255278e-06
13,17,OME1:female,OME1:diabetes,-4.9168956779907073e-06
13,18,OME1:female,OME1:hypertension,-8.7613191265118777e-06
13,19,OME1:female,OME1:anxiety,-1.5341276124541668e-06
13,20,OME1:female,OME1:_cons,-6.4911378565951606e-05
13,21,OME1:female,TME1:index_age,3.0694727932482965e-09
13,22,OME1:female,TME1:female,-1.8576972542822424e-06
13,23,OME1:female,TME1:1b.education,0.0000000000000000e+00
13,24,OME1:female,TME1:2.education,5.0709458619792017e-06
13,25,OME1:female,TME1:3.education,-2.7029379458022197e-06
13,26,OME1:female,TME1:diabetes,-6.6291838078797227e-06
13,27,OME1:female,TME1:hypertension,-1.1459749749858653e-05
13,28,OME1:female,TME1:anxiety,-1.4838039415498037e-06
13,29,OME1:female,TME1:_cons,1.4682391213238185e-05
14,1,OME1:1b.education,ATE:r1vs0.treated,0.0000000000000000e+00
14,2,OME1:1b.education,POmean:0.treated,0.0000000000000000e+00
14,3,OME1:1b.education,OME0:index_age,0.0000000000000000e+00
14,4,OME1:1b.education,OME0:female,0.0000000000000000e+00
14,5,OME1:1b.education,OME0:1b.education,0.0000000000000000e+00
14,6,OME1:1b.education,OME0:2.education,0.0000000000000000e+00
14,7,OME1:1b.education,OME0:3.education,0.0000000000000000e+00
14,8,OME1:1b.education,OME0:diabetes,0.0000000000000000e+00
14,9,OME1:1b.education,OME0:hypertension,0.0000000000000000e+00
14,10,OME1:1b.education,OME0:anxiety,0.0000000000000000e+00
14,11,OME1:1b.education,OME0:_cons,0.0000000000000000e+00
14,12,OME1:1b.education,OME1:index_age,0.0000000000000000e+00
14,13,OME1:1b.education,OME1:female,0.0000000000000000e+00
14,14,OME1:1b.education,OME1:1b.education,0.0000000000000000e+00
14,15,OME1:1b.education,OME1:2.education,0.0000000000000000e+00
14,16,OME1:1b.education,OME1:3.education,0.0000000000000000e+00
14,17,OME1:1b.education,OME1:diabetes,0.0000000000000000e+00
14,18,OME1:1b.education,OME1:hypertension,0.0000000000000000e+00
14,19,OME1:1b.education,OME1:anxiety,0.0000000000000000e+00
14,20,OME1:1b.education,OME1:_cons,0.0000000000000000e+00
14,21,OME1:1b.education,TME1:index_age,0.0000000000000000e+00
14,22,OME1:1b.education,TME1:female,0.0000000000000000e+00
14,23,OME1:1b.education,TME1:1b.education,0.0000000000000000e+00
14,24,OME1:1b.education,TME1:2.education,0.0000000000000000e+00
14,25,OME1:1b.education,TME1:3.education,0.0000000000000000e+00
14,26,OME1:1b.education,TME1:diabetes,0.0000000000000000e+00
14,27,OME1:1b.education,TME1:hypertension,0.0000000000000000e+00
14,28,OME1:1b.education,TME1:anxiety,0.0000000000000000e+00
14,29,OME1:1b.education,TME1:_cons,0.0000000000000000e+00
15,1,OME1:2.education,ATE:r1vs0.treated,2.7976400301588240e-06
15,2,OME1:2.education,POmean:0.treated,5.3740661616390752e-08
15,3,OME1:2.education,OME0:index_age,8.4017968098592614e-21
15,4,OME1:2.education,OME0:female,-8.9693191921528675e-18
15,5,OME1:2.education,OME0:1b.education,0.0000000000000000e+00
15,6,OME1:2.education,OME0:2.education,1.4071900783374426e-19
15,7,OME1:2.education,OME0:3.education,4.5464763953878297e-20
15,8,OME1:2.education,OME0:diabetes,4.2252591781379971e-19
15,9,OME1:2.education,OME0:hypertension,3.7301553599646006e-19
15,10,OME1:2.education,OME0:anxiety,-7.7296246929119176e-20
15,11,OME1:2.education,OME0:_cons,5.0647263876136083e-18
15,12,OME1:2.education,OME1:index_age,-4.6709785830264700e-08
15,13,OME1:2.education,OME1:female,-3.0384870148972132e-06
15,14,OME1:2.education,OME1:1b.education,0.0000000000000000e+00
15,15,OME1:2.education,OME1:2.education,2.4721094753675857e-04
15,16,OME1:2.education,OME1:3.education,1.4883351705920569e-04
15,17,OME1:2.education,OME1:diabetes,-3.3120771335689300e-06
15,18,OME1:2.education,OME1:hypertension,-2.4760486600859192e-06
15,19,OME1:2.education,OME1:anxiety,6.1727255964433340e-06
15,20,OME1:2.education,OME1:_cons,-1.4464841264325853e-04
15,21,OME1:2.education,TME1:index_age,-2.0222717781262838e-07
15,22,OME1:2.education,TME1:female,5.3572089537497528e-06
15,23,OME1:2.education,TME1:1b.education,0.0000000000000000e+00
15,24,OME1:2.education,TME1:2.education,-1.7058862287339791e-06
15,25,OME1:2.education,TME1:3.education,-4.2690876732531748e-06
15,26,OME1:2.education,TME1:diabetes,-1.4321047597018199e-05
15,27,OME1:2.education,TME1:hypertension,-5.8180285078166526e-06
15,28,OME1:2.education,TME1:anxiety,3.4515905196811798e-06
15,29,OME1:2.education,TME1:_cons,2.1511179566516114e-05
16,1,OME1:3.education,ATE:r1vs0.treated,6.7855725746684243e-07
16,2,OME1:3.education,POmean:0.treated,-8.3014888299633369e-09
16,3,OME1:3.education,OME0:index_age,7.2419904441383773e-21
16,4,OME1:3.education,OME0:female,-8.6120912814040972e-18
16,5,OME1:3.education,OME0:1b.education,0.0000000000000000e+00
16,6,OME1:3.education,OME0:2.education,2.4784763805053897e-19
16,7,OME1:3.education,OME0:3.education,1.5391208629444318e-19
16,8,OME1:3.education,OME0:diabetes,4.2436702846674320e-19
16,9,OME1:3.education,OME0:hypertension,3.7206209942003164e-19
16,10,OME1:3.education,OME0:anxiety,3.2729766121215723e-21
16,11,OME1:3.education,OME0:_cons,4.7894394073430929e-18
16,12,OME1:3.education,OME1:index_age,6.0001769884515868e-08
16,13,OME1:3.education,OME1:female,-2.2463755030255278e-06
16,14,OME1:3.education,OME1:1b.education,0.0000000000000000e+00
16,15,OME1:3.education,OME1:2.education,1.4883351705920569e-04
16,16,OME1:3.education,OME1:3.education,2.5559108925717310e-04
16,17,OME1:3.education,OME1:diabetes,-4.3704994500132148e-06
16,18,OME1:3.education,OME1:hypertension,-2.0826667533583199e-06
16,19,OME1:3.education,OME1:anxiety,4.6856474157277506e-07
16,20,OME1:3.education,OME1:_cons,-1.4700287305745153e-04
16,21,OME1:3.education,TME1:index_age,7.6975589674690517e-09
16,22,OME1:3.education,TME1:female,-2.6391585180971841e-06
16,23,OME1:3.education,TME1:1b.education,0.0000000000000000e+00
16,24,OME1:3.education,TME1:2.education,-4.1888449281181509e-06
16,25,OME1:3.education,TME1:3.education,-5.2658766104639864e-06
16,26,OME1:3.education,TME1:diabetes,-5.0916497783859290e-06
16,27,OME1:3.education,TME1:hypertension,-7.1192519172439700e-07
16,28,OME1:3.education,TME1:anxiety,-8.5093067504817815e-07
16,29,OME1:3.education,TME1:_cons,9.0378386690846445e-06
17,1,OME1:diabetes,ATE:r1vs0.treated,-5.6171706320517714e-05
17,2,OME1:diabetes,POmean:0.treated,-9.4173786538804511e-08
17,3,OME1:diabetes,OME0:index_age,-1.3726267851359759e-20
17,4,OME1:diabetes,OME0:female,1.4052084672420784e-17
17,5,OME1:diabetes,OME0:1b.education,0.0000000000000000e+00
17,6,OME1:diabetes,OME0:2.education,-1.8621409181908948e-19
17,7,OME1:diabetes,OME0:3.education,1.2317290828151179e-19
17,8,OME1:diabetes,OME0:diabetes,-1.6550518872891479e-19
17,9,OME1:diabetes,OME0:hypertension,2.8873956506518976e-19
17,10,OME1:diabetes,OME0:anxiety,9.9294573294385342e-19
17,11,OME1:diabetes,OME0:_cons,-8.1121089722560443e-18
17,12,OME1:diabetes,OME1:index_age,6.9849962446282883e-07
17,13,OME1:diabetes,OME1:female,-4.9168956779907073e-06
17,14,OME1:diabetes,OME1:1b.education,0.0000000000000000e+00
17,15,OME1:diabetes,OME1:2.education,-3.3120771335689300e-06
17,16,OME1:diabetes,OME1:3.education,-4.3704994500132148e-06
17,17,OME1:diabetes,OME1:diabetes,1.9267471272359804e-04
17,18,OME1:diabetes,OME1:hypertension,1.6940998118800728e-05
17,19,OME1:diabetes,OME1:anxiety,-1.9023554471493673e-05
17,20,OME1:diabetes,OME1:_cons,-1.7395111685636463e-04
17,21,OME1:diabetes,TME1:index_age,3.8869995776222227e-07
17,22,OME1:diabetes,TME1:female,-9.9736603965107336e-06
17,23,OME1:diabetes,TME1:1b.education,0.0000000000000000e+00
17,24,OME1:diabetes,TME1:2.education,-1.7695424980899307e-05
17,25,OME1:diabetes,TME1:3.education,-7.0479593338082463e-06
17,26,OME1:diabetes,TME1:diabetes,-1.5176521774113598e-06
17,27,OME1:diabetes,TME1:hypertension,-7.5340659821112587e-06
17,28,OME1:diabetes,TME1:anxiety,1.2805016375941226e-06
17,29,OME1:diabetes,TME1:_cons,-2.8723326057432528e-06
18,1,OME1:hypertension,ATE:r1vs0.treated,-5.1433149204953331e-05
18,2,OME1:hypertension,POmean:0.treated,-9.5255784082894218e-08
18,3,OME1:hypertension,OME0:index_age,-1.1211853955971466e-20
18,4,OME1:hypertension,OME0:female,1.6001882560952365e-17
18,5,OME1:hypertension,OME0:1b.education,0.0000000000000000e+00
18,6,OME1:hypertension,OME0:2.education,-2.7147810800072426e-19
18,7,OME1:hypertension,OME0:3.education,4.0493006494156931e-20
18,8,OME1:hypertension,OME0:diabetes,-3.2396597278388687e-19
18,9,OME1:hypertension,OME0:hypertension,1.1539022309887622e-19
18,10,OME1:hypertension,OME0:anxiety,9.3695028014636545e-19
18,11,OME1:hypertension,OME0:_cons,-9.4826851820157988e-18
18,12,OME1:hypertension,OME1:index_age,5.8445500924793505e-07
18,13,OME1:hypertension,OME1:female,-8.7613191265118777e-06
18,14,OME1:hypertension,OME1:1b.education,0.0000000000000000e+00
18,15,OME1:hypertension,OME1:2.education,-2.4760486600859192e-06
18,16,OME1:hypertension,OME1:3.education,-2.0826667533583199e-06
18,17,OME1:hypertension,OME1:diabetes,1.6940998118800728e-05
18,18,OME1:hypertension,OME1:hypertension,1.8908062928949185e-04
18,19,OME1:hypertension,OME1:anxiety,-2.1495248206665206e-05
18,20,OME1:hypertension,OME1:_cons,-1.5975593087388191e-04
18,21,OME1:hypertension,TME1:index_age,9.5858983527674133e-08
18,22,OME1:hypertension,TME1:female,-1.6247885099548184e-05
18,23,OME1:hypertension,TME1:1b.education,0.0000000000000000e+00
18,24,OME1:hypertension,TME1:2.education,-5.0755291115266514e-06
18,25,OME1:hypertension,TME1:3.education,-3.5079832192950456e-07
18,26,OME1:hypertension,TME1:diabetes,-7.5106366174543323e-06
18,27,OME1:hypertension,TME1:hypertension,-2.5467232887090914e-06
18,28,OME1:hypertension,TME1:anxiety,-3.4320254820675283e-06
18,29,OME1:hypertension,TME1:_cons,1.4971344557569880e-05
19,1,OME1:anxiety,ATE:r1vs0.treated,-1.9826307407808632e-06
19,2,OME1:anxiety,POmean:0.treated,1.5368719250550374e-09
19,3,OME1:anxiety,OME0:index_age,2.5971521654725494e-21
19,4,OME1:anxiety,OME0:female,-5.5209052652073676e-18
19,5,OME1:anxiety,OME0:1b.education,0.0000000000000000e+00
19,6,OME1:anxiety,OME0:2.education,1.8620488245509036e-19
19,7,OME1:anxiety,OME0:3.education,1.5082917670607257e-19
19,8,OME1:anxiety,OME0:diabetes,4.0373321101700072e-19
19,9,OME1:anxiety,OME0:hypertension,3.7505686823012301e-19
19,10,OME1:anxiety,OME0:anxiety,4.3381483450676822e-20
19,11,OME1:anxiety,OME0:_cons,3.2457325555527855e-18
19,12,OME1:anxiety,OME1:index_age,-1.1527232647575606e-07
19,13,OME1:anxiety,OME1:female,-1.5341276124541668e-06
19,14,OME1:anxiety,OME1:1b.education,0.0000000000000000e+00
19,15,OME1:anxiety,OME1:2.education,6.1727255964433340e-06
19,16,OME1:anxiety,OME1:3.education,4.6856474157277506e-07
19,17,OME1:anxiety,OME1:diabetes,-1.9023554471493673e-05
19,18,OME1:anxiety,OME1:hypertension,-2.1495248206665206e-05
19,19,OME1:anxiety,OME1:anxiety,1.9961420659068632e-04
19,20,OME1:anxiety,OME1:_cons,-1.1236360727308868e-04
19,21,OME1:anxiety,TME1:index_age,1.9173599891664104e-07
19,22,OME1:anxiety,TME1:female,-1.7940803905632453e-06
19,23,OME1:anxiety,TME1:1b.education,0.0000000000000000e+00
19,24,OME1:anxiety,TME1:2.education,3.6291022472242612e-06
19,25,OME1:anxiety,TME1:3.education,-1.0218769842061296e-06
19,26,OME1:anxiety,TME1:diabetes,2.7270387771115134e-06
19,27,OME1:anxiety,TME1:hypertension,-7.9870146228850766e-07
19,28,OME1:anxiety,TME1:anxiety,-3.5435382442491631e-06
19,29,OME1:anxiety,TME1:_cons,-8.2226242321404453e-06
20,1,OME1:_cons,ATE:r1vs0.treated,1.9076537119781171e-04
20,2,OME1:_cons,POmean:0.treated,1.9656213603816606e-07
20,3,OME1:_cons,OME0:index_age,-1.0473526411757699e-20
20,4,OME1:_cons,OME0:female,2.1594151996133131e-17
20,5,OME1:_cons,OME0:1b.education,0.0000000000000000e+00
20,6,OME1:_cons,OME0:2.education,-7.6843840365140144e-19
20,7,OME1:_cons,OME0:3.education,-1.2454955086558124e-18
20,8,OME1:_cons,OME0:diabetes,-4.1191378809394714e-18
20,9,OME1:_cons,OME0:hypertension,-4.7205757823956331e-18
20,10,OME1:_cons,OME0:anxiety,-3.4638132363131686e-18
20,11,OME1:_cons,OME0:_cons,-1.2243980518878509e-17
20,12,OME1:_cons,OME1:index_age,-1.6541779450503357e-05
20,13,OME1:_cons,OME1:female,-6.4911378565951606e-05
20,14,OME1:_cons,OME1:1b.education,0.0000000000000000e+00
20,15,OME1:_cons,OME1:2.education,-1.4464841264325853e-04
20,16,OME1:_cons,OME1:3.education,-1.4700287305745153e-04
20,17,OME1:_cons,OME1:diabetes,-1.7395111685636463e-04
20,18,OME1:_cons,OME1:hypertension,-1.5975593087388191e-04
20,19,OME1:_cons,OME1:anxiety,-1.1236360727308868e-04
20,20,OME1:_cons,OME1:_cons,1.5287434054703291e-03
20,21,OME1:_cons,TME1:index_age,-1.4516653048995214e-06
20,22,OME1:_cons,TME1:female,2.5282359608171819e-05
20,23,OME1:_cons,TME1:1b.education,0.0000000000000000e+00
20,24,OME1:_cons,TME1:2.education,2.7511612127337616e-05
20,25,OME1:_cons,TME1:3.education,1.1468003644633649e-05
20,26,OME1:_cons,TME1:diabetes,-4.5103591170319466e-06
20,27,OME1:_cons,TME1:hypertension,9.8524755224033173e-06
20,28,OME1:_cons,TME1:anxiety,-3.7983041101755387e-06
20,29,OME1:_cons,TME1:_cons,5.5059338812913722e-05
21,1,TME1:index_age,ATE:r1vs0.treated,6.1641486627615103e-08
21,2,TME1:index_age,POmean:0.treated,-7.3127654319078241e-09
21,3,TME1:index_age,OME0:index_age,2.0848970073750323e-09
21,4,TME1:index_age,OME0:female,-1.1064813206306278e-07
21,5,TME1:index_age,OME0:1b.education,0.0000000000000000e+00
21,6,TME1:index_age,OME0:2.education,-2.6610957684229050e-07
21,7,TME1:index_age,OME0:3.education,7.6072332773475198e-08
21,8,TME1:index_age,OME0:diabetes,-7.6980683228792792e-08
21,9,TME1:index_age,OME0:hypertension,7.6240766731509352e-08
21,10,TME1:index_age,OME0:anxiety,-6.4333658145921412e-08
21,11,TME1:index_age,OME0:_cons,9.0928458515674478e-08
21,12,TME1:index_age,OME1:index_age,1.5618058174839621e-08
21,13,TME1:index_age,OME1:female,3.0694727932482965e-09
21,14,TME1:index_age,OME1:1b.education,0.0000000000000000e+00
21,15,TME1:index_age,OME1:2.education,-2.0222717781262838e-07
21,16,TME1:index_age,OME1:3.education,7.6975589674690517e-09
21,17,TME1:index_age,OME1:diabetes,3.8869995776222227e-07
21,18,TME1:index_age,OME1:hypertension,9.5858983527674133e-08
21,19,TME1:index_age,OME1:anxiety,1.9173599891664104e-07
21,20,TME1:index_age,OME1:_cons,-1.4516653048995214e-06
21,21,TME1:index_age,TME1:index_age,2.8733685643631652e-06
21,22,TME1:index_age,TME1:female,-1.8517832941062751e-06
21,23,TME1:index_age,TME1:1b.education,0.0000000000000000e+00
21,24,TME1:index_age,TME1:2.education,-1.3004937587173231e-06
21,25,TME1:index_age,TME1:3.education,-3.8560617403308639e-07
21,26,TME1:index_age,TME1:diabetes,1.6379850132320867e-05
21,27,TME1:index_age,TME1:hypertension,1.6239702890599394e-05
21,28,TME1:index_age,TME1:anxiety,6.1259670969061147e-08
21,29,TME1:index_age,TME1:_cons,-1.8682066391803527e-04
22,1,TME1:female,ATE:r1vs0.treated,1.1692467345090984e-07
22,2,TME1:female,POmean:0.treated,-7.4662811859925756e-08
22,3,TME1:female,OME0:index_age,-1.1403011541625408e-07
22,4,TME1:female,OME0:female,2.4611500231050549e-06
22,5,TME1:female,OME0:1b.education,0.0000000000000000e+00
22,6,TME1:female,OME0:2.education,5.1554853775337288e-07
22,7,TME1:female,OME0:3.education,9.6525246867724927e-07
22,8,TME1:female,OME0:diabetes,-9.3559911097429391e-06
22,9,TME1:female,OME0:hypertension,4.6844754135834747e-06
22,10,TME1:female,OME0:anxiety,1.5077423942144487e-06
22,11,TME1:female,OME0:_cons,3.3216153022652576e-06
22,12,TME1:female,OME1:index_age,-1.9755723822039602e-08
22,13,TME1:female,OME1:female,-1.8576972542822424e-06
22,14,TME1:female,OME1:1b.education,0.0000000000000000e+00
22,15,TME1:female,OME1:2.education,5.3572089537497528e-06
22,16,TME1:female,OME1:3.education,-2.6391585180971841e-06
22,17,TME1:female,OME1:diabetes,-9.9736603965107336e-06
22,18,TME1:female,OME1:hypertension,-1.6247885099548184e-05
22,19,TME1:female,OME1:anxiety,-1.7940803905632453e-06
22,20,TME1:female,OME1:_cons,2.5282359608171819e-05
22,21,TME1:female,TME1:index_age,-1.8517832941062751e-06
22,22,TME1:female,TME1:female,1.7895171869613923e-03
22,23,TME1:female,TME1:1b.education,0.0000000000000000e+00
22,24,TME1:female,TME1:2.education,-6.4355025190317161e-05
22,25,TME1:female,TME1:3.education,-3.3768967329774366e-05
22,26,TME1:female,TME1:diabetes,-6.0012894437902420e-05
22,27,TME1:female,TME1:hypertension,-2.2903464537925542e-05
22,28,TME1:female,TME1:anxiety,-6.9091729621914132e-06
22,29,TME1:female,TME1:_cons,-8.7660961049915772e-04
23,1,TME1:1b.education,ATE:r1vs0.treated,0.0000000000000000e+00
23,2,TME1:1b.education,POmean:0.treated,0.0000000000000000e+00
23,3,TME1:1b.education,OME0:index_age,0.0000000000000000e+00
23,4,TME1:1b.education,OME0:female,0.0000000000000000e+00
23,5,TME1:1b.education,OME0:1b.education,0.0000000000000000e+00
23,6,TME1:1b.education,OME0:2.education,0.0000000000000000e+00
23,7,TME1:1b.education,OME0:3.education,0.0000000000000000e+00
23,8,TME1:1b.education,OME0:diabetes,0.0000000000000000e+00
23,9,TME1:1b.education,OME0:hypertension,0.0000000000000000e+00
23,10,TME1:1b.education,OME0:anxiety,0.0000000000000000e+00
23,11,TME1:1b.education,OME0:_cons,0.0000000000000000e+00
23,12,TME1:1b.education,OME1:index_age,0.0000000000000000e+00
23,13,TME1:1b.education,OME1:female,0.0000000000000000e+00
23,14,TME1:1b.education,OME1:1b.education,0.0000000000000000e+00
23,15,TME1:1b.education,OME1:2.education,0.0000000000000000e+00
23,16,TME1:1b.education,OME1:3.education,0.0000000000000000e+00
23,17,TME1:1b.education,OME1:diabetes,0.0000000000000000e+00
23,18,TME1:1b.education,OME1:hypertension,0.0000000000000000e+00
23,19,TME1:1b.education,OME1:anxiety,0.0000000000000000e+00
23,20,TME1:1b.education,OME1:_cons,0.0000000000000000e+00
23,21,TME1:1b.education,TME1:index_age,0.0000000000000000e+00
23,22,TME1:1b.education,TME1:female,0.0000000000000000e+00
23,23,TME1:1b.education,TME1:1b.education,0.0000000000000000e+00
23,24,TME1:1b.education,TME1:2.education,0.0000000000000000e+00
23,25,TME1:1b.education,TME1:3.education,0.0000000000000000e+00
23,26,TME1:1b.education,TME1:diabetes,0.0000000000000000e+00
23,27,TME1:1b.education,TME1:hypertension,0.0000000000000000e+00
23,28,TME1:1b.education,TME1:anxiety,0.0000000000000000e+00
23,29,TME1:1b.education,TME1:_cons,0.0000000000000000e+00
24,1,TME1:2.education,ATE:r1vs0.treated,-2.1859392759596270e-07
24,2,TME1:2.education,POmean:0.treated,-1.3952248359877013e-07
24,3,TME1:2.education,OME0:index_age,-2.3971675438276456e-07
24,4,TME1:2.education,OME0:female,3.9268177020519115e-07
24,5,TME1:2.education,OME0:1b.education,0.0000000000000000e+00
24,6,TME1:2.education,OME0:2.education,1.8455119655110663e-06
24,7,TME1:2.education,OME0:3.education,2.2315735152048207e-06
24,8,TME1:2.education,OME0:diabetes,-2.2079102247412041e-06
24,9,TME1:2.education,OME0:hypertension,-2.0664021784095043e-06
24,10,TME1:2.education,OME0:anxiety,-4.4965662237956361e-06
24,11,TME1:2.education,OME0:_cons,1.5063478315710861e-05
24,12,TME1:2.education,OME1:index_age,-2.0134286185159303e-07
24,13,TME1:2.education,OME1:female,5.0709458619792017e-06
24,14,TME1:2.education,OME1:1b.education,0.0000000000000000e+00
24,15,TME1:2.education,OME1:2.education,-1.7058862287339791e-06
24,16,TME1:2.education,OME1:3.education,-4.1888449281181509e-06
24,17,TME1:2.education,OME1:diabetes,-1.7695424980899307e-05
24,18,TME1:2.education,OME1:hypertension,-5.0755291115266514e-06
24,19,TME1:2.education,OME1:anxiety,3.6291022472242612e-06
24,20,TME1:2.education,OME1:_cons,2.7511612127337616e-05
24,21,TME1:2.education,TME1:index_age,-1.3004937587173231e-06
24,22,TME1:2.education,TME1:female,-6.4355025190317161e-05
24,23,TME1:2.education,TME1:1b.education,0.0000000000000000e+00
24,24,TME1:2.education,TME1:2.education,2.7742407415199356e-03
24,25,TME1:2.education,TME1:3.education,1.6951639783327368e-03
24,26,TME1:2.education,TME1:diabetes,3.9868677533539261e-06
24,27,TME1:2.education,TME1:hypertension,-4.3774910261082511e-06
24,28,TME1:2.education,TME1:anxiety,-5.5586103331075073e-05
24,29,TME1:2.education,TME1:_cons,-1.5403473886367483e-03
25,1,TME1:3.education,ATE:r1vs0.treated,3.3769281620765780e-07
25,2,TME1:3.education,POmean:0.treated,-2.7406422551351820e-07
25,3,TME1:3.education,OME0:index_age,7.7117654307790443e-08
25,4,TME1:3.education,OME0:female,9.9739607982513761e-07
25,5,TME1:3.education,OME0:1b.education,0.0000000000000000e+00
25,6,TME1:3.education,OME0:2.education,2.3801015439285756e-06
25,7,TME1:3.education,OME0:3.education,3.9106780182937783e-06
25,8,TME1:3.education,OME0:diabetes,-1.4977371460085128e-06
25,9,TME1:3.education,OME0:hypertension,4.9405126367279783e-07
25,10,TME1:3.education,OME0:anxiety,-5.0564606853744116e-06
25,11,TME1:3.education,OME0:_cons,-3.6796722259384151e-06
25,12,TME1:3.education,OME1:index_age,6.2995739262963513e-09
25,13,TME1:3.education,OME1:female,-2.7029379458022197e-06
25,14,TME1:3.education,OME1:1b.education,0.0000000000000000e+00
25,15,TME1:3.education,OME1:2.education,-4.2690876732531748e-06
25,16,TME1:3.education,OME1:3.education,-5.2658766104639864e-06
25,17,TME1:3.education,OME1:diabetes,-7.0479593338082463e-06
25,18,TME1:3.education,OME1:hypertension,-3.5079832192950456e-07
25,19,TME1:3.education,OME1:anxiety,-1.0218769842061296e-06
25,20,TME1:3.education,OME1:_cons,1.1468003644633649e-05
25,21,TME1:3.education,TME1:index_age,-3.8560617403308639e-07
25,22,TME1:3.education,TME1:female,-3.3768967329774366e-05
25,23,TME1:3.education,TME1:1b.education,0.0000000000000000e+00
25,24,TME1:3.education,TME1:2.education,1.6951639783327368e-03
25,25,TME1:3.education,TME1:3.education,2.9259031128144528e-03
25,26,TME1:3.education,TME1:diabetes,1.9779356254544170e-05
25,27,TME1:3.education,TME1:hypertension,1.4159585256236475e-05
25,28,TME1:3.education,TME1:anxiety,-5.4846568607279082e-05
25,29,TME1:3.education,TME1:_cons,-1.6307358089763743e-03
26,1,TME1:diabetes,ATE:r1vs0.treated,3.1638818405801569e-07
26,2,TME1:diabetes,POmean:0.treated,2.7715505029868690e-08
26,3,TME1:diabetes,OME0:index_age,-6.1906006119095076e-08
26,4,TME1:diabetes,OME0:female,-6.2348552817259776e-06
26,5,TME1:diabetes,OME0:1b.education,0.0000000000000000e+00
26,6,TME1:diabetes,OME0:2.education,-2.2915371192773208e-06
26,7,TME1:diabetes,OME0:3.education,-1.0610914638523438e-06
26,8,TME1:diabetes,OME0:diabetes,3.2466095952392755e-06
26,9,TME1:diabetes,OME0:hypertension,3.3364248357312642e-06
26,10,TME1:diabetes,OME0:anxiety,-3.3903085850094254e-06
26,11,TME1:diabetes,OME0:_cons,9.6513638034848549e-06
26,12,TME1:diabetes,OME1:index_age,3.3534437491053376e-07
26,13,TME1:diabetes,OME1:female,-6.6291838078797227e-06
26,14,TME1:diabetes,OME1:1b.education,0.0000000000000000e+00
26,15,TME1:diabetes,OME1:2.education,-1.4321047597018199e-05
26,16,TME1:diabetes,OME1:3.education,-5.0916497783859290e-06
26,17,TME1:diabetes,OME1:diabetes,-1.5176521774113598e-06
26,18,TME1:diabetes,OME1:hypertension,-7.5106366174543323e-06
26,19,TME1:diabetes,OME1:anxiety,2.7270387771115134e-06
26,20,TME1:diabetes,OME1:_cons,-4.5103591170319466e-06
26,21,TME1:diabetes,TME1:index_age,1.6379850132320867e-05
26,22,TME1:diabetes,TME1:female,-6.0012894437902420e-05
26,23,TME1:diabetes,TME1:1b.education,0.0000000000000000e+00
26,24,TME1:diabetes,TME1:2.education,3.9868677533539261e-06
26,25,TME1:diabetes,TME1:3.education,1.9779356254544170e-05
26,26,TME1:diabetes,TME1:diabetes,1.9543293241204933e-03
26,27,TME1:diabetes,TME1:hypertension,5.8935071682393743e-04
26,28,TME1:diabetes,TME1:anxiety,-1.7275172627198910e-04
26,29,TME1:diabetes,TME1:_cons,-2.1681154851860580e-03
27,1,TME1:hypertension,ATE:r1vs0.treated,2.6313513341316651e-07
27,2,TME1:hypertension,POmean:0.treated,9.2573010173937079e-08
27,3,TME1:hypertension,OME0:index_age,4.7576380741099146e-08
27,4,TME1:hypertension,OME0:female,3.9026342060071205e-06
27,5,TME1:hypertension,OME0:1b.education,0.0000000000000000e+00
27,6,TME1:hypertension,OME0:2.education,-2.1159348154097743e-06
27,7,TME1:hypertension,OME0:3.education,3.3662463885555833e-07
27,8,TME1:hypertension,OME0:diabetes,3.7657057158188317e-06
27,9,TME1:hypertension,OME0:hypertension,3.1835537150125660e-06
27,10,TME1:hypertension,OME0:anxiety,-1.9917426452597506e-06
27,11,TME1:hypertension,OME0:_cons,-4.0847914967939247e-06
27,12,TME1:hypertension,OME1:index_age,1.2901291938302678e-07
27,13,TME1:hypertension,OME1:female,-1.1459749749858653e-05
27,14,TME1:hypertension,OME1:1b.education,0.0000000000000000e+00
27,15,TME1:hypertension,OME1:2.education,-5.8180285078166526e-06
27,16,TME1:hypertension,OME1:3.education,-7.1192519172439700e-07
27,17,TME1:hypertension,OME1:diabetes,-7.5340659821112587e-06
27,18,TME1:hypertension,OME1:hypertension,-2.5467232887090914e-06
27,19,TME1:hypertension,OME1:anxiety,-7.9870146228850766e-07
27,20,TME1:hypertension,OME1:_cons,9.8524755224033173e-06
27,21,TME1:hypertension,TME1:index_age,1.6239702890599394e-05
27,22,TME1:hypertension,TME1:female,-2.2903464537925542e-05
27,23,TME1:hypertension,TME1:1b.education,0.0000000000000000e+00
27,24,TME1:hypertension,TME1:2.education,-4.3774910261082511e-06
27,25,TME1:hypertension,TME1:3.education,1.4159585256236475e-05
27,26,TME1:hypertension,TME1:diabetes,5.8935071682393743e-04
27,27,TME1:hypertension,TME1:hypertension,1.9577308472124933e-03
27,28,TME1:hypertension,TME1:anxiety,-1.9777725172257714e-04
27,29,TME1:hypertension,TME1:_cons,-2.1696524332370471e-03
28,1,TME1:anxiety,ATE:r1vs0.treated,1.1296517639738414e-06
28,2,TME1:anxiety,POmean:0.treated,-1.3042527756152578e-07
28,3,TME1:anxiety,OME0:index_age,-6.0412567324450733e-08
28,4,TME1:anxiety,OME0:female,1.6230526540108778e-06
28,5,TME1:anxiety,OME0:1b.education,0.0000000000000000e+00
28,6,TME1:anxiety,OME0:2.education,-4.9455624351954926e-06
28,7,TME1:anxiety,OME0:3.education,-5.6040104924165407e-06
28,8,TME1:anxiety,OME0:diabetes,-4.1747325403051791e-06
28,9,TME1:anxiety,OME0:hypertension,-1.9617880956865195e-06
28,10,TME1:anxiety,OME0:anxiety,2.4583740598175918e-06
28,11,TME1:anxiety,OME0:_cons,6.1181053711549384e-06
28,12,TME1:anxiety,OME1:index_age,1.5014505136731218e-07
28,13,TME1:anxiety,OME1:female,-1.4838039415498037e-06
28,14,TME1:anxiety,OME1:1b.education,0.0000000000000000e+00
28,15,TME1:anxiety,OME1:2.education,3.4515905196811798e-06
28,16,TME1:anxiety,OME1:3.education,-8.5093067504817815e-07
28,17,TME1:anxiety,OME1:diabetes,1.2805016375941226e-06
28,18,TME1:anxiety,OME1:hypertension,-3.4320254820675283e-06
28,19,TME1:anxiety,OME1:anxiety,-3.5435382442491631e-06
28,20,TME1:anxiety,OME1:_cons,-3.7983041101755387e-06
28,21,TME1:anxiety,TME1:index_age,6.1259670969061147e-08
28,22,TME1:anxiety,TME1:female,-6.9091729621914132e-06
28,23,TME1:anxiety,TME1:1b.education,0.0000000000000000e+00
28,24,TME1:anxiety,TME1:2.education,-5.5586103331075073e-05
28,25,TME1:anxiety,TME1:3.education,-5.4846568607279082e-05
28,26,TME1:anxiety,TME1:diabetes,-1.7275172627198910e-04
28,27,TME1:anxiety,TME1:hypertension,-1.9777725172257714e-04
28,28,TME1:anxiety,TME1:anxiety,2.1004474445382852e-03
28,29,TME1:anxiety,TME1:_cons,-1.2469577043293357e-03
29,1,TME1:_cons,ATE:r1vs0.treated,-4.6436202267763787e-06
29,2,TME1:_cons,POmean:0.treated,5.6472796458523547e-07
29,3,TME1:_cons,OME0:index_age,7.9275810692472132e-08
29,4,TME1:_cons,OME0:female,3.4352519420222604e-06
29,5,TME1:_cons,OME0:1b.education,0.0000000000000000e+00
29,6,TME1:_cons,OME0:2.education,1.9044466995154280e-05
29,7,TME1:_cons,OME0:3.education,-2.9961363759819555e-06
29,8,TME1:_cons,OME0:diabetes,1.1702218692844860e-05
29,9,TME1:_cons,OME0:hypertension,-7.5369143141123774e-06
29,10,TME1:_cons,OME0:anxiety,7.2543252554438385e-06
29,11,TME1:_cons,OME0:_cons,-1.9410758241357982e-05
29,12,TME1:_cons,OME1:index_age,-1.2728334876093516e-06
29,13,TME1:_cons,OME1:female,1.4682391213238185e-05
29,14,TME1:_cons,OME1:1b.education,0.0000000000000000e+00
29,15,TME1:_cons,OME1:2.education,2.1511179566516114e-05
29,16,TME1:_cons,OME1:3.education,9.0378386690846445e-06
29,17,TME1:_cons,OME1:diabetes,-2.8723326057432528e-06
29,18,TME1:_cons,OME1:hypertension,1.4971344557569880e-05
29,19,TME1:_cons,OME1:anxiety,-8.2226242321404453e-06
29,20,TME1:_cons,OME1:_cons,5.5059338812913722e-05
29,21,TME1:_cons,TME1:index_age,-1.8682066391803527e-04
29,22,TME1:_cons,TME1:female,-8.7660961049915772e-04
29,23,TME1:_cons,TME1:1b.education,0.0000000000000000e+00
29,24,TME1:_cons,TME1:2.education,-1.5403473886367483e-03
29,25,TME1:_cons,TME1:3.education,-1.6307358089763743e-03
29,26,TME1:_cons,TME1:diabetes,-2.1681154851860580e-03
29,27,TME1:_cons,TME1:hypertension,-2.1696524332370471e-03
29,28,TME1:_cons,TME1:anxiety,-1.2469577043293357e-03
29,29,TME1:_cons,TME1:_cons,1.6449365589484503e-02
