index,term,value
1,ATE:r1vs0.treated,2.3635691750234465e-02
2,POmean:0.treated,3.4460727098766369e-01
3,OME0:index_age,5.1751334284906862e-04
4,OME0:female,1.3505992975551889e-02
5,OME0:1b.education,0.0000000000000000e+00
6,OME0:2.education,2.6663493854173610e-02
7,OME0:3.education,3.6559316596261979e-02
8,OME0:diabetes,2.7073913855878502e-02
9,OME0:hypertension,-7.1469407762978540e-04
10,OME0:anxiety,3.9500430117089071e-02
11,OME0:_cons,2.4710372483996620e-01
12,OME1:index_age,5.4330811494705518e-04
13,OME1:female,-1.3819361877378205e-02
14,OME1:1b.education,0.0000000000000000e+00
15,OME1:2.education,-1.1421618114507318e-02
16,OME1:3.education,-2.5730308383991870e-02
17,OME1:diabetes,3.4945797743015953e-03
18,OME1:hypertension,-9.2913413159831978e-03
19,OME1:anxiety,1.2831585704941461e-02
20,OME1:_cons,3.4571580695228893e-01
21,TME1:index_age,4.9205288280325520e-02
22,TME1:female,-2.9021343482462947e-01
23,TME1:1b.education,0.0000000000000000e+00
24,TME1:2.education,-4.8751450943248148e-02
25,TME1:3.education,-4.8878756556973664e-02
26,TME1:diabetes,2.1214534238774179e+00
27,TME1:hypertension,1.9637039158046830e+00
28,TME1:anxiety,3.2838608559393273e-02
29,TME1:_cons,-5.1748482874690849e+00
