id,file,md5,revision,tabtools_version
FC001,FC001.csv,190b72bbfc838bbb577c6c9c8e5c3102,712044f83ce6dd7bb4ca4237f3f6ffbc8aea5129,2.5.1
FC001,FC001.md,9a00330b1571fa309230a2f702508336,712044f83ce6dd7bb4ca4237f3f6ffbc8aea5129,2.5.1
FC001,FC001_console.txt,72959ce7eb5e0ba7d9051b688d46920d,712044f83ce6dd7bb4ca4237f3f6ffbc8aea5129,2.5.1
FC001,FC001_stored.csv,f33d141dc4b3a3b9dd8a89890f3e8423,712044f83ce6dd7bb4ca4237f3f6ffbc8aea5129,2.5.1
FC002,FC002.csv,ed919f9f020e1022790640aa42e990c6,712044f83ce6dd7bb4ca4237f3f6ffbc8aea5129,2.5.1
FC002,FC002.md,fc209d0ea0af3a0cd09345f35d93eb36,712044f83ce6dd7bb4ca4237f3f6ffbc8aea5129,2.5.1
FC002,FC002_console.txt,392cbbd9f6c7476707bcf03b6c0b6497,712044f83ce6dd7bb4ca4237f3f6ffbc8aea5129,2.5.1
FC002,FC002_stored.csv,4760a1e36c7b7eee09bc77ee46912eb3,712044f83ce6dd7bb4ca4237f3f6ffbc8aea5129,2.5.1
FC003,FC003.csv,2dac5b4b4d48b254b852a365bb04d49c,712044f83ce6dd7bb4ca4237f3f6ffbc8aea5129,2.5.1
FC003,FC003.md,9e5a86add6ad4fa545ddfabdfc9c6fa0,712044f83ce6dd7bb4ca4237f3f6ffbc8aea5129,2.5.1
FC003,FC003_console.txt,1cc43a8ba8c83daf20b2b3cddb7939e0,712044f83ce6dd7bb4ca4237f3f6ffbc8aea5129,2.5.1
FC003,FC003_stored.csv,0458636af2bbf18fe38eee1a9d9ce759,712044f83ce6dd7bb4ca4237f3f6ffbc8aea5129,2.5.1
FC001,fitcount_v251.xlsx,99b8de4a80c04bec2b34019848279fef,712044f83ce6dd7bb4ca4237f3f6ffbc8aea5129,2.5.1
