case_id,suite,adapter,seeds,conditions,oracle,evidence_limit
IMD-01,test_interaction_matrix_descriptive.R,table1_tc,4101;9917,explicit subset; joint missingness; sparse/absent levels; all-missing covariate; variablewise versus complete-case,raw masks; base mean/SD/type2 quantiles; sample ledger,84 records; printed absolute error <=5e-6; inference suppressed
IMD-02,test_interaction_matrix_descriptive.R,table1_tc,4101;9917,zero/missing/high-scale weights; crude/weighted overlays; repeated positive-only specification; retained missing categories,normalized arithmetic/geometric moments and GSD; raw totals/Kish ESS; independent eligibility masks,84 records; importance scale1e180; no survey inference
IMD-03,test_interaction_matrix_descriptive.R,desctab,4101;9917,explicit subset; missing outcomes/groups/weights; frequency weights; sparse levels; retained missing categories,physical frequency expansion; binary numerator/denominator; ledger counts,at most420 expanded records; inference suppressed
IMD-03,test_interaction_matrix_descriptive.R,table1_tc,4101;9917,frequency weights; missingness; sparse levels,alias parity plus independent expansion oracle,same bounded frequency case
IMD-04,test_interaction_matrix_descriptive.R,wttab,4101;9917,joint exclusions; retained zeros; absent levels; empty period/group cells; pooled/period truncation; high-scale weights,base moments/type2 quantiles; explicit winsorization; raw totals/Kish ESS; cell ledgers,84 records; scale1e160; truncation25/75
IMD-05,test_interaction_matrix_descriptive.R,tt_rates,4101;9917,explicit subset; invalid/missing follow-up; zero/missing frequencies; missing events/groups; sparse levels,raw event/person-time sums; lognormal CI; scoped masks; exact ledger roundtrip,84 records; double person-time; no jackknife/design inference
IMD-05,test_interaction_matrix_descriptive.R,stratetab,4101;9917,two outcomes with different missing-event patterns; shared subset/exclusions,source-ledger transport from independently checked rate blocks,blank categories explicitly excluded before rendering; two blocks
IMC-01,test_interaction_matrix_composition.R,glm_weightit,3211;6547,sparse treatment; missing covariates/outcome; prepared positive sampling weights; unequal weights,native coef/vcov Wald z; raw preparation mask; prior-weight sum/ESS,prepared WeightIt input only; original pre-preparation N unavailable; glm_weightit only (lm_weightit unsupported)
IMC-02,test_interaction_matrix_composition.R,tt_mi:lm,3211;6547,permuted/reset row names; explicit IDs; zero and extreme case weights; missing covariates; three imputations,native estimates/covariances; independent stats::cov Rubin W/B/T; Rubin/Barnard-Rubin Wald limits; raw masks/weight sums,strict explicit IDs tested; default row-name/count fallback does not establish subject identity; mira via genuine mice::as.mira
IMC-02,test_interaction_matrix_composition.R,tt_mi:glm,3211;6547,permuted/reset row names; explicit IDs; zero and extreme case weights; missing covariates; three imputations,native estimates/covariances; independent stats::cov Rubin W/B/T; Rubin/Barnard-Rubin Wald limits; raw masks/weight sums,strict explicit IDs tested; default row-name/count fallback does not establish subject identity; mira via genuine mice::as.mira
IMC-02,test_interaction_matrix_composition.R,tt_mi:mira,3211;6547,permuted/reset row names; explicit IDs; zero and extreme case weights; missing covariates; three imputations,native estimates/covariances; independent stats::cov Rubin W/B/T; Rubin/Barnard-Rubin Wald limits; raw masks/weight sums,strict explicit IDs tested; default row-name/count fallback does not establish subject identity; mira via genuine mice::as.mira
IMC-03,test_interaction_matrix_composition.R,tt_mi:coxph,3211;6547,permuted/reset row names; explicit IDs; missing covariates; filtered input; competing statuses; three imputations,native coef/vcov (crr var); independent Rubin W/B/T/Wald limits; raw prepared-record counts,coxph rejects zero weights; crr lacks case weights: zero records removed in preparation; original input N unknown; no claim to preserve original weights for crr
IMC-03,test_interaction_matrix_composition.R,tt_mi:crr,3211;6547,permuted/reset row names; explicit IDs; missing covariates; filtered input; competing statuses; three imputations,native coef/vcov (crr var); independent Rubin W/B/T/Wald limits; raw prepared-record counts,coxph rejects zero weights; crr lacks case weights: zero records removed in preparation; original input N unknown; no claim to preserve original weights for crr
IMC-04,test_interaction_matrix_composition.R,tt_uv:lm,3211;6547,different missing covariates; sparse preparation; zero/extreme case weights; subset; na.exclude,native positive-record lm coefficient/CI; raw per-covariate masks/weight sums; omitted aggregate N,UV lm method exercised here; direct class adapters covered separately; no subject IDs exported
IMC-05,test_interaction_matrix_composition.R,effecttab:predictions,3211;6547,sparse treatment; missing observations; zero/extreme fit weights; evaluation grid distinct from fit population,independent linear contrasts of native beta/vcov; z intervals/p; raw fit mask; 3-record evaluation grid,linear-model effects; documented central derivatives configured for numerical precision; evaluation contributing N deliberately unknown
IMC-05,test_interaction_matrix_composition.R,effecttab:comparisons,3211;6547,sparse treatment; missing observations; zero/extreme fit weights; evaluation grid distinct from fit population,independent linear contrasts of native beta/vcov; z intervals/p; raw fit mask; 3-record evaluation grid,linear-model effects; documented central derivatives configured for numerical precision; evaluation contributing N deliberately unknown
IMC-05,test_interaction_matrix_composition.R,effecttab:slopes,3211;6547,sparse treatment; missing observations; zero/extreme fit weights; evaluation grid distinct from fit population,independent linear contrasts of native beta/vcov; z intervals/p; raw fit mask; 3-record evaluation grid,linear-model effects; documented central derivatives configured for numerical precision; evaluation contributing N deliberately unknown
IMC-05,test_interaction_matrix_composition.R,effecttab:hypotheses,3211;6547,sparse treatment; missing observations; zero/extreme fit weights; evaluation grid distinct from fit population,independent linear contrasts of native beta/vcov; z intervals/p; raw fit mask; 3-record evaluation grid,linear-model effects; documented central derivatives configured for numerical precision; evaluation contributing N deliberately unknown
IMC-06,test_interaction_matrix_composition.R,effecttab:matrix,3211;6547,duplicate matrix labels; missing inference; summary rows lack original observations; random signed estimates,input numeric columns; closed-form Wald bounds; exp transform; Stata coefficient-count AIC/BIC; unknown-N ledger,modelsummary_list public schema supplied directly; not external modelsummary backend execution; genuine tibble::as_tibble route; supplied nobs reported only
IMC-06,test_interaction_matrix_composition.R,effecttab:data.frame,3211;6547,duplicate matrix labels; missing inference; summary rows lack original observations; random signed estimates,input numeric columns; closed-form Wald bounds; exp transform; Stata coefficient-count AIC/BIC; unknown-N ledger,modelsummary_list public schema supplied directly; not external modelsummary backend execution; genuine tibble::as_tibble route; supplied nobs reported only
IMC-06,test_interaction_matrix_composition.R,regtab:data.frame,3211;6547,duplicate matrix labels; missing inference; summary rows lack original observations; random signed estimates,input numeric columns; closed-form Wald bounds; exp transform; Stata coefficient-count AIC/BIC; unknown-N ledger,modelsummary_list public schema supplied directly; not external modelsummary backend execution; genuine tibble::as_tibble route; supplied nobs reported only
IMC-06,test_interaction_matrix_composition.R,regtab:tbl_df,3211;6547,duplicate matrix labels; missing inference; summary rows lack original observations; random signed estimates,input numeric columns; closed-form Wald bounds; exp transform; Stata coefficient-count AIC/BIC; unknown-N ledger,modelsummary_list public schema supplied directly; not external modelsummary backend execution; genuine tibble::as_tibble route; supplied nobs reported only
IMC-06,test_interaction_matrix_composition.R,tt_from_modelsummary,3211;6547,duplicate matrix labels; missing inference; summary rows lack original observations; random signed estimates,input numeric columns; closed-form Wald bounds; exp transform; Stata coefficient-count AIC/BIC; unknown-N ledger,modelsummary_list public schema supplied directly; not external modelsummary backend execution; genuine tibble::as_tibble route; supplied nobs reported only
IMC-07,test_interaction_matrix_composition.R,tt_merge,3211;6547,differently missing covariates; zero/extreme case weights; nested reused sources; duplicate model labels; selected presentation rows,native focal estimates; raw contributor masks; exact source-local 12-metric ledger/populations/exclusions; transported body,numeric values checked before presentation; no inference recreated from display rows; no raw IDs/data exported
IMC-07,test_interaction_matrix_composition.R,tt_stack,3211;6547,differently missing covariates; zero/extreme case weights; nested reused sources; duplicate model labels; selected presentation rows,native focal estimates; raw contributor masks; exact source-local 12-metric ledger/populations/exclusions; transported body,numeric values checked before presentation; no inference recreated from display rows; no raw IDs/data exported
IMC-07,test_interaction_matrix_composition.R,comptab,3211;6547,differently missing covariates; zero/extreme case weights; nested reused sources; duplicate model labels; selected presentation rows,native focal estimates; raw contributor masks; exact source-local 12-metric ledger/populations/exclusions; transported body,numeric values checked before presentation; no inference recreated from display rows; no raw IDs/data exported
IMC-07,test_interaction_matrix_composition.R,puttab,3211;6547,differently missing covariates; zero/extreme case weights; nested reused sources; duplicate model labels; selected presentation rows,native focal estimates; raw contributor masks; exact source-local 12-metric ledger/populations/exclusions; transported body,numeric values checked before presentation; no inference recreated from display rows; no raw IDs/data exported
IMC-07,test_interaction_matrix_composition.R,stacktab,3211;6547,differently missing covariates; zero/extreme case weights; nested reused sources; duplicate model labels; selected presentation rows,native focal estimates; raw contributor masks; exact source-local 12-metric ledger/populations/exclusions; transported body,numeric values checked before presentation; no inference recreated from display rows; no raw IDs/data exported
IMC-07,test_interaction_matrix_composition.R,as.data.frame:tt_table,3211;6547,differently missing covariates; zero/extreme case weights; nested reused sources; duplicate model labels; selected presentation rows,native focal estimates; raw contributor masks; exact source-local 12-metric ledger/populations/exclusions; transported body,numeric values checked before presentation; no inference recreated from display rows; no raw IDs/data exported
IMS-01,test_interaction_matrix_survival_survey_gee.R,coxph,4101;4102,missing time/event/x/f/stratum/cluster/weight; explicit subset; nonunit weights; absent factor C,native coef/vcov/n/nevent; independent complete-case mask; constant cluster-weight reported N,original input unavailable; reported subjects use stored clustering convention
IMS-02,test_interaction_matrix_survival_survey_gee.R,coxph,4101;4102,tt risk expansion; missing time/event/x/z/stratum; explicit subset,native coef/vcov/n/nevent; independent accepted mask; expanded stored y rows,expanded frame is not subject N; response observed count unavailable after expansion
IMS-03,test_interaction_matrix_survival_survey_gee.R,clogit,4101;4102,missing binary/x/f/matched strata; subset; all-control strata; absent level; weighted efron refusal,native exact clogit coef/vcov/n; independent mask; explicit weighted-policy refusal,uninformative strata remain accepted records; weighted fits intentionally refused
IMS-04,test_interaction_matrix_survival_survey_gee.R,survreg,4101;4102,missing time/event/x/f/weights; subset; nonunit case weights; absent level,native coef/vcov; independent record mask; raw case-weight sum vs displayed N,original input unavailable; weighted N is not record N
IMS-05,test_interaction_matrix_survival_survey_gee.R,tobit,4101;4102,genuine AER left-censoring; missing y/x/f/weights; subset; nonunit case weights,native AER::tobit coef/vcov; independent mask; positive censored count; weighted N,original input unavailable; native censoring policy unchanged
IMS-06,test_interaction_matrix_survival_survey_gee.R,crr,4101;4102,explicit preprocessing/subset; missing time/cause/x/z/f; absent factor level,native cmprsk::crr coef/var/n; converged flag; independent mask,prepared/original input not retained; observed outcome and model frame unavailable
IMS-07,test_interaction_matrix_survival_survey_gee.R,svyglm,4101;4102,design preprocessing for missing cluster/stratum/weight; missing y/x/f; subset; zero/nonunit survey weights,native coef/vcov; independent design/accepted/positive-weight masks; raw sums and record ESS,external original input unavailable; Kish is record-weight diagnostic not survey-design ESS
IMS-08,test_interaction_matrix_survival_survey_gee.R,geeglm,4101;4102,explicit NA preprocessing and droplevels; missing y/x/f/id/weights; subset; zero/nonunit weights; exchangeable correlation,upstream missing-data fit error; genuine geeglm coef/vcov/error0; independent prepared/used masks,input is prepared data only; no claim about preprocessed original cohort
IMI-01,test_interaction_matrix_independent.R,lm,7301;9403,missing outcome/covariate/group/weights; zero weights; subset; caller data rebound/reordered/renumbered; private IDs,independent positive-record native lm coef/vcov/Wald limits; raw accepted/used masks; exact table stability; state/privacy,72 records; model VCE only; documented label-restoration warning asserted; original lm input N unavailable
IMI-02,test_interaction_matrix_independent.R,tt_mi:lm,7301;9403,three imputations; reordered/reset rows; joint missingness and zero weights; same-N foreign IDs after construction; strict rewrap,native estimates/vcov; independent stats::cov Rubin total covariance; public-entry mismatch errors; state/privacy,72 records/3 imputations; strict caller-supplied IDs establish consistency but cannot detect caller dishonesty
IML-01,test_interaction_matrix_likelihood_mixed.R,lm,15031;27041,sparse x-by-factor; rank alias; subset; missing outcome/covariate/case weight; zero weights; aligned clusters,native model covariance and coefficients; independent weighted cluster sandwich plus record/weight accounting,full raw cluster vectors after subset are intentionally not inferred; fit-aligned vector used
IML-02,test_interaction_matrix_likelihood_mixed.R,glm,15031;27041,Gaussian; sparse interaction; subset; missing outcome/covariate/case weight; zero weights,native coefficients mapped to documented display scale; native model covariance; independent accepted/contributor masks and raw-weight ESS; input preservation,native zero-weight dispersion warning is expected explicitly
IML-03,test_interaction_matrix_likelihood_mixed.R,glm,15031;27041,binary outcome; sparse interaction; missingness; subset; zero and nonunit case weights,native coefficients mapped to documented display scale; native model covariance; independent accepted/contributor masks and raw-weight ESS; input preservation; independent positive-case-weight mean scaling for Stata covariance,binary analytic-weight interpretation; model covariance remains native
IML-04,test_interaction_matrix_likelihood_mixed.R,glm,15031;27041,two-column binomial response; zero trials; zero case weights; sparse interaction; subset and missingness,native coefficients mapped to documented display scale; native model covariance; independent accepted/contributor masks and raw-weight ESS; input preservation; independently calculated final binomial information,trial totals are not original-scale case weights; final-information oracle avoids last-IRLS weight approximation
IML-05,test_interaction_matrix_likelihood_mixed.R,glm,15031;27041,Poisson; sparse interaction; missingness; subset; zero and nonunit case weights,native coefficients mapped to documented display scale; native model covariance; independent accepted/contributor masks and raw-weight ESS; input preservation; independent positive-case-weight mean scaling for Stata covariance,fixed-scale analytic-weight interpretation only
IML-06,test_interaction_matrix_likelihood_mixed.R,negbin,15031;27041,MASS glm.nb; sparse interaction; missingness; subset; zero and nonunit weights,native coefficients mapped to documented display scale; native model covariance; independent accepted/contributor masks and raw-weight ESS; input preservation,glm.nb does not retain original data; input and excluded totals remain unavailable; native model covariance only
IML-07,test_interaction_matrix_likelihood_mixed.R,polr,15031;27041,weighted ordinal outcome; sparse interaction; unused level; subset and missingness,native coefficients mapped to documented display scale; native model covariance; independent accepted/contributor masks and raw-weight ESS; input preservation; native retained-Hessian covariance and cutpoints,native rank-drop warning expected; this case uses native model covariance rather than Stata analytic ordinal covariance
IML-08,test_interaction_matrix_likelihood_mixed.R,clm,15031;27041,weighted ordinal outcome; sparse interaction; unused level; subset and missingness,native coefficients mapped to documented display scale; native model covariance; independent accepted/contributor masks and raw-weight ESS; input preservation; native covariance and cutpoints,flexible thresholds and location effects only
IML-09,test_interaction_matrix_likelihood_mixed.R,multinom,15031;27041,factor response; saved frame; sparse multi-equation interactions; unused level; subset; missing and zero weights,native coefficients mapped to documented display scale; native model covariance; independent accepted/contributor masks and raw-weight ESS; input preservation,empty native design columns are verified zero and excluded from estimated-row comparison; covariance comparison still includes them
IML-10,test_interaction_matrix_likelihood_mixed.R,zeroinfl,15031;27041,Poisson count equation x-by-factor; separate zero equation; missingness; subset; nonunit and zero weights,native coefficients mapped to documented display scale; native model covariance; independent accepted/contributor masks and raw-weight ESS; input preservation,native model covariance reading; no analytic Stata score-Hessian or negative-binomial ancillary comparison
IML-11,test_interaction_matrix_likelihood_mixed.R,hurdle,15031;27041,Poisson count equation x-by-factor; separate selection equation; missingness; subset; nonunit and zero weights,native coefficients mapped to documented display scale; native model covariance; independent accepted/contributor masks and raw-weight ESS; input preservation,native model covariance reading; binomial selection only
IML-12,test_interaction_matrix_likelihood_mixed.R,lmerMod,15031;27041,actual lmerMod; sparse interaction; missing group/outcome/covariate/weight; subset and zero precision weights,native coefficients mapped to documented display scale; native model covariance; independent accepted/contributor masks and raw-weight ESS; input preservation,random intercept only; native reported N retains zero-weight frame rows
IML-13,test_interaction_matrix_likelihood_mixed.R,glmerMod,15031;27041,actual glmerMod Poisson; sparse interaction; incomplete groups; subset; zero and nonunit weights,native coefficients mapped to documented display scale; native model covariance; independent accepted/contributor masks and raw-weight ESS; input preservation,Laplace random-intercept fit; native model covariance reading only
IML-14,test_interaction_matrix_likelihood_mixed.R,lmerModLmerTest,15031;27041,actual lmerModLmerTest alias; sparse interaction; incomplete groups; subset; zero and nonunit weights,native coefficients mapped to documented display scale; native model covariance; independent accepted/contributor masks and raw-weight ESS; input preservation,regtab casts alias to lmerMod; original class/object must remain unchanged; no Satterthwaite inference assertion
IML-15,test_interaction_matrix_likelihood_mixed.R,lme,15031;27041,ML random intercept; sparse interaction; missing outcome/covariate/group; subset; unit case weights,native coefficients mapped to documented display scale; native model covariance; independent accepted/contributor masks and raw-weight ESS; input preservation,unused predictor level removed before nlme fit because native fitter cannot estimate empty column; absent stored frame remains unavailable
IML-16,test_interaction_matrix_likelihood_mixed.R,glmmTMB,15031;27041,Gaussian random intercept; sparse interaction; rank-adjusted alias and unused level; missingness; subset; zero case weights,native coefficients mapped to documented display scale; native model covariance; independent accepted/contributor masks and raw-weight ESS; input preservation,native rank-adjustment message expected; no mapped-parameter or zero-inflation component coverage
IML-17,test_interaction_matrix_likelihood_mixed.R,lm,15031;27041,sparse interaction; accepted missing cluster amid incomplete outcome/covariate/weights and subset,native fitted class and independent accepted mask; public covariance/table errors for accepted missing cluster,error-path control; no numeric covariance reported
IML-18,test_interaction_matrix_likelihood_mixed.R,glm,15031;27041,Poisson; maxit1; sparse interaction; missingness; subset; nonunit/zero case weights,genuine native convergedFALSE and expected fitting warning; covariance/table convergence errors across stata/model/robust,explicit recorded failure only; does not classify large coefficients as failure
IML-19,test_interaction_matrix_likelihood_mixed.R,multinom,15031;27041,factor response; default modelFALSE; sparse interactions; subset; missing and zero case weights,native coefficients mapped to documented display scale; native model covariance; independent accepted/contributor masks and raw-weight ESS; input preservation; stored/default native covariance and table parity,original input and saved frame unavailable; N-by-1 original case weights normalized only with factor-response evidence
IML-20,test_interaction_matrix_likelihood_mixed.R,multinom,15031;27041,count-matrix response; both storage modes; sparse interactions; subset; missing and zero case weights,native covariance/coefficients and stored/default table parity; independent row counts/case weights/unit totals,default storage lacks verified original-scale weights: contributors and weight diagnostics remain unavailable rather than using unit totals
