file,native_source_commit,sha256,md5
_desctab_collect.ado,712044f83ce6dd7bb4ca4237f3f6ffbc8aea5129,bc99674c2a1cc6a730783c0a12f18c399c6676bc0e4f6a2950d702b9c43b7e79,d8a40a07c289eb59067b1cb88c10f8e2
_regtab_activeb.ado,712044f83ce6dd7bb4ca4237f3f6ffbc8aea5129,fdf0d9f4171753c4cb23acf026dbf4e6f03980d3d16ce73f4b2aab8b2da62c5a,1d29cc3cbeac50b232d9b95a2b3714b8
_regtab_addcol.ado,712044f83ce6dd7bb4ca4237f3f6ffbc8aea5129,d56939629e2b3e56b5cecdad104b16254efbc8ffdde31fc4643dcd1ad445515f,0b2cb152f958b0ea93650e5f57f9e7a0
_regtab_addrow.ado,712044f83ce6dd7bb4ca4237f3f6ffbc8aea5129,7d76509d623a83fafa3528c3703fdf14590bc5f69eae5c9a616488206e001957,3126fc9c3b75e0ee907d4d2dd2507eef
_regtab_bnotes.ado,712044f83ce6dd7bb4ca4237f3f6ffbc8aea5129,f167a66d42ceaf3a111695f084ef02992c04b8ae48869be94a91f79595728787,7a6980f3d0ba515c9d0df35b61d57b60
_regtab_cellnote.ado,712044f83ce6dd7bb4ca4237f3f6ffbc8aea5129,cbbae23931f502e709a3949393749cf5052295d4c54bdb4dfa870cae0bd46f6f,9e8db4fe52a83d26ef5084393731d489
_regtab_classes.ado,712044f83ce6dd7bb4ca4237f3f6ffbc8aea5129,5c0d0fe7bdd3eac92c0d2dba3d71f35ed17f5b54b8aaaa6c049faa361082eba0,1a4d2af1cc9ba84429d3284990ba3630
_regtab_cmdopts.ado,712044f83ce6dd7bb4ca4237f3f6ffbc8aea5129,f4098c0832d032974eea0892d86510c11746c98216ceb6d4d6fdf9edb9e81952,3a95f456b50e564722928692f97d5749
_regtab_cmdsets.ado,712044f83ce6dd7bb4ca4237f3f6ffbc8aea5129,49c56b6f88e02e9da1a06fcf67341820f255f3d368d40173424f5030f41da2e8,eb77f936fce877cad5c1ce5d5fd84644
_regtab_collabels.ado,712044f83ce6dd7bb4ca4237f3f6ffbc8aea5129,154df188aad7fbffa5fd3d3f82e8bedbd571e73f8249bc1edf20b3606e0457bc,a494a4f463487c59151c7d9312f9fee4
_regtab_eqkeys.ado,712044f83ce6dd7bb4ca4237f3f6ffbc8aea5129,925b10601b02118d035cd89358884d0aa796d3e04d54d656e5dfac7fc9a3be59,cf0e840aaf2ea05c788348ff17e0647e
_regtab_estats.ado,712044f83ce6dd7bb4ca4237f3f6ffbc8aea5129,7088720efc696e646d428571e8759bd83f8d7583a41947d4860f2a3e308db113,a5f9b1da943b419125354d1b75636ec9
_regtab_fitrec.ado,712044f83ce6dd7bb4ca4237f3f6ffbc8aea5129,28bdafeedc7164f837f68fd13f0151fb23a7412a80eb1ba470a5276f092045b8,294608f907ae22f88d191bafee1b48cc
_regtab_flatten.ado,712044f83ce6dd7bb4ca4237f3f6ffbc8aea5129,612826c2151e818ef3e9aa0f92d0e2cfd20cf1bf63be4bcbfcae9df3cbeee14c,ab8d0e13215d9cb095178a13dbba6fa7
_regtab_frameopts.ado,712044f83ce6dd7bb4ca4237f3f6ffbc8aea5129,bedd4c397597f0641c80ac3302c2df70bfb341f96b423bea2407749af73fff63,d4fb9fc4d5a54bde7a8f7253da3e4764
_regtab_fvbase.ado,712044f83ce6dd7bb4ca4237f3f6ffbc8aea5129,a5971c9f19f8b3836d47e718e48f8238e8a6b8ce8bb22d5bf0556858109aa081,ac8bf7701a8e38ae92854cf9b6b3963a
_regtab_fvparent.ado,712044f83ce6dd7bb4ca4237f3f6ffbc8aea5129,24724ac3e56a9602aec96e6d46b94be53df1393d68d1f002f280ec71a57d9657,ac10341b799b1c08ded956b5f78fa3cf
_regtab_keys.ado,712044f83ce6dd7bb4ca4237f3f6ffbc8aea5129,5b9fb73ae09b22881259b0d95cfb7e5312df214a6373b74d6b75d10e8c904716,88e2c67723236b60ae795b1b53b35427
_regtab_methods.ado,712044f83ce6dd7bb4ca4237f3f6ffbc8aea5129,bd338090c29ad6731b40635f02a9a920f9b5ce67d3ea8cd435ff393b3392e251,a28af5152bf9a02e784873bb3c7b8106
_regtab_mincount.ado,712044f83ce6dd7bb4ca4237f3f6ffbc8aea5129,f55250873aa6ac1704bd62ecdcc989658fcd405dfc64017cbdf65eb7e9a77d92,500a1185c809dbaa9b62f912694fae6f
_regtab_modelnoun.ado,712044f83ce6dd7bb4ca4237f3f6ffbc8aea5129,f11510452aa6cdb6a282c5563398bde2b80052200ceb43be5de218abbf2db187,7781dc09b90c350911e0262728828613
_regtab_mstats.ado,712044f83ce6dd7bb4ca4237f3f6ffbc8aea5129,b64f890c023c987f247596a9dbabfaeff5b1f87efa7bbb3d0110911f80736c74,fc4d539ec4643f45ff96199ac4c4aea6
_regtab_optstr.ado,712044f83ce6dd7bb4ca4237f3f6ffbc8aea5129,58549062b10bd493af87410529267f758c2bb5e529ac164c3a2a7e3ad1dae754,ef1a6c592257f4fbbfe37fa2023336e1
_regtab_prefopts.ado,712044f83ce6dd7bb4ca4237f3f6ffbc8aea5129,7aeb68499aedbac1648ad9ff66d387fca9eab633a77ff48dfeebc164a48b4758,4df12920a20e01823807c8980806c641
_regtab_relabel.ado,712044f83ce6dd7bb4ca4237f3f6ffbc8aea5129,34a5979d87f95c0fc1f9bf4ad36013951c96690cffba45951ac9e1b44a5ac82b,8ce5a4813f369fb3cc2b145f4d6cc3ef
_regtab_remeta.ado,712044f83ce6dd7bb4ca4237f3f6ffbc8aea5129,b14b935efc0381090838d4f52b527b16488706a429e7ea34d8618a288191916d,31034e877cd70fe439b9bf31d2982708
_regtab_rlabels.ado,712044f83ce6dd7bb4ca4237f3f6ffbc8aea5129,c7691cfef90ef873416d9dcb92b892002b18374f37205825f3d606de0947a042,0f6349a965c0f6fe0f7de88b3622d61a
_regtab_role.ado,712044f83ce6dd7bb4ca4237f3f6ffbc8aea5129,2f2c9ae2fdb558dc609247e31e88137602d130cdcc1b2acbc953ae286f615588,1aae9184612776b4bfb60553afe8a0f5
_regtab_scale.ado,712044f83ce6dd7bb4ca4237f3f6ffbc8aea5129,01e31aefed41c9c1a8f88245ca8678629af44f5012f50c2826ff4da04643e07f,f4ef486205ebc47c6f56c74198540a8f
_regtab_statrows.ado,712044f83ce6dd7bb4ca4237f3f6ffbc8aea5129,2e2997db9a50b51ec11c955c8e748ae6420b97ba0a780bb645b81bbee92dd6cf,0815dd0a310636c05f03de6cf52df162
_regtab_statspec.ado,712044f83ce6dd7bb4ca4237f3f6ffbc8aea5129,a3de54d9aa9ea6140d7fdba87f276fb8ed5cd7b5be5c9f817aaac5796e4f3a3e,01c54158f24569f60e063ec54eb72772
_regtab_unwrap.ado,712044f83ce6dd7bb4ca4237f3f6ffbc8aea5129,8e26a98abbf5493d462a9254a10f193bbc32ef0c98f1d8be0e9237553257e58f,3455c5b1d6173c2e29f12c570c3e5f3e
_stacktab_frames.ado,712044f83ce6dd7bb4ca4237f3f6ffbc8aea5129,c87a253b82da0c3a958d507ec57871ab5ad2be2b2fecdcf600215909009c2f08,4bd04d2b92329c3bd0f942f5ba65f123
_tabcell_render.ado,712044f83ce6dd7bb4ca4237f3f6ffbc8aea5129,2f038f869cabcc32e676f389c57204c982a4085dfe9ea8b95d8ab91e6081d846,50dc2c3e368fe3c602871111ef2bc650
_tabtools_check_sinks.ado,712044f83ce6dd7bb4ca4237f3f6ffbc8aea5129,4da0e1e65a12ae0e191dd805691bc6c16a19a0502e4d372e0e7549a0fb56f7a8,87094c8b81eb03c1d54101cac1894f7d
_tabtools_collect_render.ado,712044f83ce6dd7bb4ca4237f3f6ffbc8aea5129,3820d0da21e0c6c15773e466f85406729e1c77236e2520e78c2b92e912faf3fd,d93a6541a0d514f2d7cdafc259682174
_tabtools_colwidth.ado,712044f83ce6dd7bb4ca4237f3f6ffbc8aea5129,22f77b49a8849c06e5f67115acf6dc37e49b7119ec72a366670dc2eda34f9f28,59a385221788e6415f5f5ab8fd51c97b
_tabtools_common.ado,712044f83ce6dd7bb4ca4237f3f6ffbc8aea5129,8f2c8c9b6684f5c8f008b23285aabeedbddd83ac4d6f56719793ef1d5a321061,b3a1786e5b1357b63bf862ccbd21157e
_tabtools_csv_write.ado,712044f83ce6dd7bb4ca4237f3f6ffbc8aea5129,f1700e9aff84eb7e1c1a3c2eb625fb827b32c919b310b859a3a291fcd6671361,6a469f3bb2ab037c20974bdaab385496
_tabtools_fitcount.ado,712044f83ce6dd7bb4ca4237f3f6ffbc8aea5129,18da070213b5f62bcb7ec7cdde9f4111d01f09798d6f464a23f286bb62317d6c,b0c388759ab3a525850808bf412c64ca
_tabtools_flatframe.ado,712044f83ce6dd7bb4ca4237f3f6ffbc8aea5129,a6b83836741ad2dd84857b9b48fc6488593c1493b81d38af5e97677a2e51a1f9,405711be1ad13caaf858d2b9cf8d9135
_tabtools_fmt_p.ado,712044f83ce6dd7bb4ca4237f3f6ffbc8aea5129,8460c7f2e4fabe2dc827fe2cae3c03be9658f6bd6d9ce94f7f79a31c5ff03267,f0a2e0396ed2d4a44e4d237a2ac27a5f
_tabtools_markdown_write.ado,712044f83ce6dd7bb4ca4237f3f6ffbc8aea5129,9b0ec3e63c5ec3a808d283d91f455526dc4009b178e817501e94985f03c3c6c8,65a0b5c52b1320f00ce96ca2c9e683dc
_tabtools_match_rows.ado,712044f83ce6dd7bb4ca4237f3f6ffbc8aea5129,47ba14937cdc842bc83b86627c36c74a9a14d23cb593bebac3f7d718deb9e31a,7e88689938a452e5e274ee630943a8de
_tabtools_set.ado,712044f83ce6dd7bb4ca4237f3f6ffbc8aea5129,19378809e5b74d994d33ad72531a12bb721c19805b14b7a3c81dddfb264077c2,5efc21a70d1b1b8485efc92e32a2d79a
_tabtools_set_sinks.ado,712044f83ce6dd7bb4ca4237f3f6ffbc8aea5129,61405aa0b55d99fd4a252e93cfd2b0f4f5c09749dc4a1b46a173246afce00d69,a598f471a59a6504a803fca54ab40b34
_tabtools_smallcells.ado,712044f83ce6dd7bb4ca4237f3f6ffbc8aea5129,8ec5c5a6ed7c61cd1a7fa0625f3d5f62e530a5cd3937338ec6d8a7615757fe6b,37426fa8d859ca5ebcd9ad8f39f4423c
_tabtools_smallcells_opt.ado,712044f83ce6dd7bb4ca4237f3f6ffbc8aea5129,a937c37ca8b3dca13f583bf4e6099f08244bc31129e236dd2ecdc12ea2a507c1,03943761f5bd265f99ebad68caa20b0a
_tabtools_smallcells_render.ado,712044f83ce6dd7bb4ca4237f3f6ffbc8aea5129,d2afedfecf1792afb387857577e69d2ebd2d340c49cfb3d19da13b5fbc6ee156,72f1f4f8ec2365d677c0c9507b4959e9
_tabtools_visible_vars.ado,712044f83ce6dd7bb4ca4237f3f6ffbc8aea5129,333b6d6e8c80a248dd66b1c8badb0b2b269c861d6a782bbb4ec8d880427c79a5,97cc069dec4b99d92c60119c945ea55a
_tabtools_xlsx_apply_styles.ado,712044f83ce6dd7bb4ca4237f3f6ffbc8aea5129,109eee717301be2ec69679e3b793d7f19229dd9a94f1329053ec9ac1a47833d0,a3dc04a70fdcdab73ca08e3f7f59fd06
_tabtools_xlsx_build_styles.ado,712044f83ce6dd7bb4ca4237f3f6ffbc8aea5129,484bd655305e25fd5a9c710cfb69ffa0f3e13510ef32393766d95bdde4355e36,e51052169fed887fe07bebec89c29641
_tabtools_xlsx_compact_styles.ado,712044f83ce6dd7bb4ca4237f3f6ffbc8aea5129,4b8a62c0ac3d14ac1cda60165f5824183a2725907b46a23d105c66b3a761e411,b9ac8abe05baca1b31fcfa0b97625982
_tabtools_xlsx_deferred_styles.ado,712044f83ce6dd7bb4ca4237f3f6ffbc8aea5129,fa5c13a0673546bfb4dcad6700d26a3b46849a892044b4ca9d53079f002c4371,70be894dc0641f2f56e4aef007d22b40
_tabtools_xlsx_read.ado,712044f83ce6dd7bb4ca4237f3f6ffbc8aea5129,868e998c839b9be2a482247950d43a8a64a5e9e1266e697088b58ff6ceacdf1e,ffa8cfcdebf16d23d6e140d84561ee61
_tabtools_xlsx_write.ado,712044f83ce6dd7bb4ca4237f3f6ffbc8aea5129,577516a05d239b28317f771c2b4e0eb045aba4890f630461529f5f3e7aa7e723,598c5cad1ad8f42d508877de7fcdabbf
comptab.ado,712044f83ce6dd7bb4ca4237f3f6ffbc8aea5129,1478fcb77dace247d683e72fec6d08ec1b96a382c4419c30922e2c462cc57064,f2b5d5145197f301f3b985bf39532f2b
comptab.sthlp,712044f83ce6dd7bb4ca4237f3f6ffbc8aea5129,d147c13616d58736237d33799581ff4841ce94145fdf0bbd62715f9ca5cbc636,44f035b7d360bfdb4353bb97f83bf61a
corrtab.ado,712044f83ce6dd7bb4ca4237f3f6ffbc8aea5129,5f3cc1b76003683338df10953bd81aabd08008c7630eef0bf25f8f9e66ca83f1,341921ffea86626a5eb92583a90cdea4
corrtab.sthlp,712044f83ce6dd7bb4ca4237f3f6ffbc8aea5129,5d258622498f3040d3a6e6a9051a9bc85f3d4f680ea50a5a7b861bc0481cea83,d2f819e7259fc485ac3a37933f1b696c
crosstab.ado,712044f83ce6dd7bb4ca4237f3f6ffbc8aea5129,6b93a2e7d62251e50a60c8cd8cc5315cdf44ea1051c9c6b495ee188c919fd266,863db5ee91df500962d15093b8c821e6
crosstab.sthlp,712044f83ce6dd7bb4ca4237f3f6ffbc8aea5129,1d3a037d1bcdd1430b329a4900a32111647e3b985336589e545e2bc17a1e57cd,a82fdf601a9b632a413a9c27c1ee4c88
desctab.ado,712044f83ce6dd7bb4ca4237f3f6ffbc8aea5129,ee36f48d24ba739e6f4120683133f0254f64be6c6d7e29ef81e6a661f14be403,e3837e120a634f504a8af55538893837
desctab.sthlp,712044f83ce6dd7bb4ca4237f3f6ffbc8aea5129,b15473a07c47fd10c3dab574d0357a6626a7e029a6de9c560615115da2ec72ed,24a478021447a8397a06db91f41a7a01
effecttab.ado,712044f83ce6dd7bb4ca4237f3f6ffbc8aea5129,350017e1045c48e5306c914cbfa745ad1d0c79d32b9f0a1dbd30cc7674a4e646,21ac264e06c237a7f99388843a40d3ae
effecttab.sthlp,712044f83ce6dd7bb4ca4237f3f6ffbc8aea5129,264ee052d1100a97735f2bbfc443fb861ac35bddb4a63565588ba03f5c8c8280,d1316f779004cf4e18bd3dde322645e7
hrcomptab.ado,712044f83ce6dd7bb4ca4237f3f6ffbc8aea5129,a975e5ba7a54ed2b966dccc13183bc71b489fdb6895b81675f22f3f62a3ecf1a,557eac65f1b5ae090829209e6c866b4a
hrcomptab.sthlp,712044f83ce6dd7bb4ca4237f3f6ffbc8aea5129,afd7f76137010d6325c0053d373967f164afac33a472d8f6e0ad87ba4419e590,6d1cd569bc4ccc09d76ed8f1b115dd25
outtab.ado,712044f83ce6dd7bb4ca4237f3f6ffbc8aea5129,e1f244bba79ff8a5b383b509ece7ce8f7fe812c861dda27bd744397450f27533,3336d5fb06052432e3330cebe320ebfd
outtab.sthlp,712044f83ce6dd7bb4ca4237f3f6ffbc8aea5129,00e00e7d7d8f82dd9a2bfcfbce9b4a4ee741b81affe7e0d72f33208dadcc00a5,ba545104df85706cd3c1f5bb244c8bb5
puttab.ado,712044f83ce6dd7bb4ca4237f3f6ffbc8aea5129,8dac9388ca8b2576f078bc687a32cbd67bd442e0a753aac7b14af32e063fb67c,e6c6c36baa4d9a1a3cf36bb858cdbb96
puttab.sthlp,712044f83ce6dd7bb4ca4237f3f6ffbc8aea5129,d6aa051465352d5b6e38cf5afa611fa3d5ceffce0c53b40311f3f181cf565471,67da95d50c131a351fad7030f87c44ba
ratetab.ado,712044f83ce6dd7bb4ca4237f3f6ffbc8aea5129,29df8956a5cd7aad75c21fd947fd36154c96d40d00980e8458b5ed1a4d6f7da4,309deb89cd39e7daa461bfd588890fa7
ratetab.sthlp,712044f83ce6dd7bb4ca4237f3f6ffbc8aea5129,fe45909c5774c29cff8c2d4432a9f67e723fa7d8491b575213bf7abd559cd8bd,b7ea4a35a8f36e1194e06c7552f98422
regtab.ado,712044f83ce6dd7bb4ca4237f3f6ffbc8aea5129,e586e7a8b7b3c0d475bc4dfe2313831c5188e626caebabad575f91a2b1dd274f,544436a8379b28b38cb9df1571809a3c
regtab.sthlp,712044f83ce6dd7bb4ca4237f3f6ffbc8aea5129,622e17bce5b8ed23b4d0ac6df2606bca87accf603d7f3d9be2da79cc7503158a,6cafec9bc0ac298d06d18ba0411fa2d2
stacktab.ado,712044f83ce6dd7bb4ca4237f3f6ffbc8aea5129,d4bb7d4b5cae22312120379a93e59c65c542ec98aff9a66acd9ea460e1095979,646ea06d2b52ef8a639a01f13ed09b5c
stacktab.sthlp,712044f83ce6dd7bb4ca4237f3f6ffbc8aea5129,fd018e7a21120511a713a02f5d83f676a526b0cc3b0b8b7aa846dffd4a1a37d1,e7b1a6f553e6809462bf8dfed61e37d7
stratetab.ado,712044f83ce6dd7bb4ca4237f3f6ffbc8aea5129,c8d7e0778550fcbcaace9af8d8a803d5f75e93c67567a812049aecfef9034920,9d92707a0f5defd9b81177a8f9129ad4
stratetab.sthlp,712044f83ce6dd7bb4ca4237f3f6ffbc8aea5129,d38a1412aa3b5c73731bedf1dda26ceecbda4244e059e628c79ec7c9af37f028,f5e588a82c454b06b8a58871e4bb454f
survtab.ado,712044f83ce6dd7bb4ca4237f3f6ffbc8aea5129,f8e16b9680a9260f2b8ca0acd89abeee9fa3132419af33ecee6cdcd1b3b78157,b9f09d353b4ff21f84a8871030450e4f
survtab.sthlp,712044f83ce6dd7bb4ca4237f3f6ffbc8aea5129,cf4107c16ccf00f8cd6c639e8c9e63dcb678194495d06decf7c19d23e2d6c332,0e68291bdaa355edd1056fe4f88fb6d9
tabcell.ado,712044f83ce6dd7bb4ca4237f3f6ffbc8aea5129,47bf8826c09f2b538044c95a420cab6cd6a143dbc6d18edbe5b1c9596957a36a,bac7fd6d34753b6ff27dae69c5875b92
tabcell.sthlp,712044f83ce6dd7bb4ca4237f3f6ffbc8aea5129,220aabc60345bacd8bff7fd11c2e163e046625cd5426443711dad413009a9788,588abe44e19bb9533111523e592f4221
table1_tc.ado,712044f83ce6dd7bb4ca4237f3f6ffbc8aea5129,fb77f8760544a7dcdc6d8512928bc81e5f15d5d76675b299fe6752556a094420,0c723c768744a8e95ec14c6bbf05091e
table1_tc.sthlp,712044f83ce6dd7bb4ca4237f3f6ffbc8aea5129,2eeffc078b50fa64d05e1a7ff7205cce59899320202718fceb2ad42eb978cd5c,e83569482de99fa6b1074462a7d4063b
tabtools.ado,712044f83ce6dd7bb4ca4237f3f6ffbc8aea5129,1d95fe75fda2c15ce7e62dae2310e196796c7f5dcb9b749f612fc83971b8639e,f121822c5d9219d78f0de3f9ae87bee0
tabtools.sthlp,712044f83ce6dd7bb4ca4237f3f6ffbc8aea5129,01a267b1672425dedadb587660004169b91b97148d13fbf5021e6104602761d1,38f7c4448ea86a12fa05d3cdc60b7bb0
tabtools_tips.ado,712044f83ce6dd7bb4ca4237f3f6ffbc8aea5129,cbc1828797af951f79810b1b8f1afc37762fc0c4b8dea14c996a5c0311aac3e4,99700c43a54e5545ae1fa67d7e2213c8
tabtools_tips.sthlp,712044f83ce6dd7bb4ca4237f3f6ffbc8aea5129,12983f510879dcefbab2ab4b99cea25f6eb7e7baf58043df0f4470c34ae3640d,9745f1529768c8bb00c77173610bb9e1
