file,md5
OT001.csv,dbb7fd6f7ae8bdb2c7f8bf255978f4b2
OT001.md,8a0c41160ba91995f6b991e6684cd1e4
OT001_console.txt,5f322da7a22e30aeaf5626b017d36503
OT001_stored.csv,e0527c2a38ce948d9b61a9a3d012acf0
OT002.csv,3b4f8310296610be459010ea3db1c277
OT002.md,910ad821f254a1ffc0aec73371d2a5ab
OT002_console.txt,ec601c58349e1fb18ca221e058162d8e
OT002_stored.csv,f96ab304a8f4b54b75938a1ba569a936
OT003.csv,9e38495bf6e2b6fd185d40cfab6c6214
OT003.md,365a31c3621a0d97a02a0c4e5b155dcd
OT003_console.txt,abd90115200a3108cf8eb60da5d1c36f
OT003_stored.csv,818b3c9c178f0a6692070c26be32c2c5
OT004.csv,bf5189d6f1b62089a04e3f14dc9b7b02
OT004.md,0ae772ab21062fe9c549035cc005b97a
OT004_console.txt,594b4361bccfdf7255ae78ea98b2474e
OT004_stored.csv,30281501a1855c70e707b04550717da6
OT005.csv,9e633a149f17311b3b89c29004fac7fa
OT005.md,cc2e6cadf1c92d4ccef6142ce493f349
OT005_console.txt,c14a472588583724cccb06c121a1af89
OT005_stored.csv,a0e5c1f00589ab3b239e08b61708a724
OT006.csv,80b82dde9bd063784a1c1168fa42c033
OT006.md,cc7e6ce56be80886f6dd08230c896036
OT006_console.txt,4a0a4b1f7b856684278c2a6c1daef661
OT006_stored.csv,45f795fbf528faa6d7868aed320cbf29
OT007.csv,358527f1ea5724f81d4724ef97a0a66d
OT007.md,b2dd7565e7900d34344349daa4cda194
OT007_console.txt,7930a530b4da70bc51b824d42cae604f
OT007_stored.csv,59b96209942121c97b31948550d1c2d9
OT008.csv,8bef07c41acdd8651775222e68663e7c
OT008.md,23c9ba9b7915442f86d21d972826bdbe
OT008_console.txt,ce7f121922f2f5470f36efb7d2078e49
OT008_stored.csv,3fb808531f2309c45c716aaac5050c33
OT009.csv,dbb7fd6f7ae8bdb2c7f8bf255978f4b2
OT009.md,8a0c41160ba91995f6b991e6684cd1e4
OT009_console.txt,233b710fa4c0d4f752cf612399d0d238
OT009_stored.csv,c0497adacece09890d57575bcd644a15
driver.log,3e0d8829c8ef0798843fd6c9208f6995
launch.json,4acc05624b64a9aad4a62c14867509fb
outtab.xlsx,9702e5063759e3e53754a125784f05e1
outtab_truth.dta,1b22a34cee8fb345b2ab5da56df3a7f5
process.log,d41d8cd98f00b204e9800998ecf8427e
runtime.txt,d378886dc35dbd326f156378f2dd7c51
