kind,artefact,item,r,state,native_command,native_artifact_sha256,native_pin,boundary
sheet,demo_comptab.xlsx,Composite Formatted,comptab,source_authored_pending_review_execution,"comptab _demo_cf, rows(1 4 5) cformat(%5.3f) cisep("" to "") xlsx(""`xlsx_comptab'"") sheet(""Composite Formatted"") frame(_demo_cflat, replace flat) title(""Table S3. Selected Hazard Ratios (Three Decimals)"")",53c25d9cd9d168c5f666ca1c3579a462e27992b8c1145093821d2ba576f9af09,712044f83ce6dd7bb4ca4237f3f6ffbc8aea5129,strict native full body/styles; complete declared user paragraphs
sheet,demo_comptab.xlsx,Composite Flat,puttab,source_authored_pending_review_execution,"frame _demo_cflat: puttab rowlabel c* using ""`xlsx_comptab'"", sheet(""Composite Flat"") varlabels title(""Table S3 flat frame written by puttab"")",53c25d9cd9d168c5f666ca1c3579a462e27992b8c1145093821d2ba576f9af09,712044f83ce6dd7bb4ca4237f3f6ffbc8aea5129,strict native full body/styles; complete declared user paragraphs
sheet,demo_corrtab.xlsx,Correlation,corrtab,source_authored_pending_review_execution,"corrtab index_age crp prior_hosp, xlsx(""`xlsx_corrtab'"") sheet(""Correlation"") title(""Table 13. Pearson Correlation Matrix"") star(0.05 0.01 0.001)",f8ce8e3655c95dd2fe382ea743d9fc610e0a343414cb9b6b40318772a62ca30e,712044f83ce6dd7bb4ca4237f3f6ffbc8aea5129,strict full body/styles; independently assert native/R legend paragraphs
sheet,demo_corrtab.xlsx,Correlation Spear,corrtab,source_authored_pending_review_execution,"corrtab index_age crp prior_hosp, xlsx(""`xlsx_corrtab'"") sheet(""Correlation Spear"") title(""Table 14. Spearman Rank Correlation Matrix"") spearman pvalues",f8ce8e3655c95dd2fe382ea743d9fc610e0a343414cb9b6b40318772a62ca30e,712044f83ce6dd7bb4ca4237f3f6ffbc8aea5129,strict full body/styles; independently assert native/R legend paragraphs
sheet,demo_corrtab.xlsx,Correlation Full,corrtab,source_authored_pending_review_execution,"corrtab index_age crp prior_hosp, xlsx(""`xlsx_corrtab'"") sheet(""Correlation Full"") title(""Table 15. Pearson Correlation Matrix (Full)"") full star(0.05 0.01 0.001)",f8ce8e3655c95dd2fe382ea743d9fc610e0a343414cb9b6b40318772a62ca30e,712044f83ce6dd7bb4ca4237f3f6ffbc8aea5129,strict full body/styles; independently assert native/R legend paragraphs
sheet,demo_crosstab.xlsx,Cross-Tabulation,crosstab,source_authored_pending_review_execution,"crosstab treated female, xlsx(""`xlsx_crosstab'"") sheet(""Cross-Tabulation"") title(""Table 16. Treatment by Sex"") exact or label",e86af91707f736f69cb333d88efbb4938efde496c8aff87a6b9ec2e2994981fe,712044f83ce6dd7bb4ca4237f3f6ffbc8aea5129,strict native full body/styles; complete declared user paragraphs
sheet,demo_crosstab.xlsx,Cross-Tab Measures,crosstab,source_authored_pending_review_execution,"crosstab treated cv_event, xlsx(""`xlsx_crosstab'"") sheet(""Cross-Tab Measures"") title(""Table 16a. Treatment-Outcome Association Measures"") rr rd label footnote(""RR = risk ratio; RD = risk difference with 95% CI."")",e86af91707f736f69cb333d88efbb4938efde496c8aff87a6b9ec2e2994981fe,712044f83ce6dd7bb4ca4237f3f6ffbc8aea5129,strict native full body/styles; complete declared user paragraphs
sheet,demo_crosstab.xlsx,Cross-Tab Styled,crosstab,source_authored_pending_review_execution,"crosstab outcome exposure, xlsx(""`xlsx_crosstab'"") sheet(""Cross-Tab Styled"") title(""Table 16b. Outcome by Ordinal Exposure"") trend label boldp(0.05) zebra footnote(""Significant chi-squared and trend rows are bolded when p < 0.05."")",e86af91707f736f69cb333d88efbb4938efde496c8aff87a6b9ec2e2994981fe,712044f83ce6dd7bb4ca4237f3f6ffbc8aea5129,strict native full body/styles; complete declared user paragraphs
sheet,demo_crosstab.xlsx,Cross-Tab Trend,crosstab,source_authored_pending_review_execution,"crosstab education cv_event, xlsx(""`xlsx_crosstab'"") sheet(""Cross-Tab Trend"") title(""Table 16c. CV Events by Education Level (Trend Test)"") trend label zebra",e86af91707f736f69cb333d88efbb4938efde496c8aff87a6b9ec2e2994981fe,712044f83ce6dd7bb4ca4237f3f6ffbc8aea5129,strict native full body/styles; complete declared user paragraphs
sheet,demo_crosstab.xlsx,Cross-Tab Row Pct,crosstab,source_authored_pending_review_execution,"crosstab treated cv_event, xlsx(""`xlsx_crosstab'"") sheet(""Cross-Tab Row Pct"") title(""Table 16d. Treatment-Outcome (Row Percentages)"") rowpct or label footnote(""Percentages are row percentages within each treatment group."")",e86af91707f736f69cb333d88efbb4938efde496c8aff87a6b9ec2e2994981fe,712044f83ce6dd7bb4ca4237f3f6ffbc8aea5129,strict native full body/styles; complete declared user paragraphs
sheet,demo_crosstab.xlsx,Small Cells Primary,crosstab,source_authored_pending_review_execution,"crosstab group category, label smallcells(5) title(""Small-cell suppression: primary counts only"") xlsx(""`xlsx_crosstab'"") sheet(""Small Cells Primary"")",e86af91707f736f69cb333d88efbb4938efde496c8aff87a6b9ec2e2994981fe,712044f83ce6dd7bb4ca4237f3f6ffbc8aea5129,strict full body/styles after independently asserted complete R/native automatic count footer
sheet,demo_crosstab.xlsx,Small Cells Complement,crosstab,source_authored_pending_review_execution,"crosstab group category, label smallcells(5) title(""Small-cell suppression: complementary protection"") xlsx(""`xlsx_crosstab'"") sheet(""Small Cells Complement"")",e86af91707f736f69cb333d88efbb4938efde496c8aff87a6b9ec2e2994981fe,712044f83ce6dd7bb4ca4237f3f6ffbc8aea5129,strict full body/styles after independently asserted complete R/native automatic count footer
sheet,demo_crosstab.xlsx,Small Cells Primary Mode,crosstab,source_authored_pending_review_execution,"crosstab group category, label smallcells(5, primary) title(""Small-cell suppression: primary mode"") xlsx(""`xlsx_crosstab'"") sheet(""Small Cells Primary Mode"")",e86af91707f736f69cb333d88efbb4938efde496c8aff87a6b9ec2e2994981fe,712044f83ce6dd7bb4ca4237f3f6ffbc8aea5129,strict full body/styles after independently asserted complete R/native automatic count footer
sheet,demo_desctab.xlsx,Small Cells Primary Mode,desctab,source_authored_pending_review_execution,"desctab category, by(group) vars(category cat) total(after) smallcells(5, primary) title(""Small-cell suppression: primary mode"") xlsx(""`xlsx_desctab'"") sheet(""Small Cells Primary Mode"")",ad438b89f8996a17e96c42f73a92f5f27d77017a3b5395966427c4ae055be4a0,712044f83ce6dd7bb4ca4237f3f6ffbc8aea5129,strict full body/styles after independently asserted complete P7 R/native primary footer
sheet,demo_outtab.xlsx,Outcomes,outtab,source_authored_pending_review_execution,"outtab cv_event selfharm fracture gi_bleed, exposure(treated) models("""" \ ""index_age female i.education diabetes hypertension"") modellabels(""Crude"" \ ""Adjusted"") estimator(poisson, irr vce(robust)) ratiolabel(""RR"") xlsx(""`xlsx_outtab'"") sheet(""Outcomes"") title(""Table 3. Outcomes by Treatment: Events/N and Risk Ratios"") footnote(""RR = risk ratio from modified Poisson regression with robust SE."")",b97c3561aac448281ebc10a4e6388a0acf69f8b3584e1037a6a43543b1f6c10c,712044f83ce6dd7bb4ca4237f3f6ffbc8aea5129,strict native full body/styles; complete declared user paragraphs
sheet,demo_outtab.xlsx,Outcomes OR Panels,outtab,source_authored_pending_review_execution,"outtab cv_event gi_bleed, exposure(treated) models("""" \ ""index_age female"") modellabels(""Crude"" \ ""Adjusted"") estimator(logit, or) ratiolabel(""OR"") panels(all_patients age_65plus) xlsx(""`xlsx_outtab'"") sheet(""Outcomes OR Panels"") title(""Table 3b. Outcomes by Treatment in Two Analysis Panels"")",b97c3561aac448281ebc10a4e6388a0acf69f8b3584e1037a6a43543b1f6c10c,712044f83ce6dd7bb4ca4237f3f6ffbc8aea5129,strict native full body/styles; complete declared user paragraphs
sheet,demo_ratetab.xlsx,Rates Exact,ratetab,source_authored_pending_review_execution,"ratetab treated education, outlabels(""CV events"") explabels(""Treatment"" \ ""Education"") xlsx(""`xlsx_ratetab'"") sheet(""Rates Exact"") title(""Table R1. CV Event Rates per 1,000 Person-Years (Exact Poisson CI)"")",5a6a51388f8e8c8bd969917502e47a484e5809aceeb060213d28de6f3977e0e9,712044f83ce6dd7bb4ca4237f3f6ffbc8aea5129,strict native full body/styles; complete declared user paragraphs
sheet,demo_ratetab.xlsx,Rates Poisson,ratetab,source_authored_pending_review_execution,"ratetab treated education, ci(poisson) per(100) outlabels(""CV events"") explabels(""Treatment"" \ ""Education"") xlsx(""`xlsx_ratetab'"") sheet(""Rates Poisson"") title(""Table R2. CV Event Rates per 100 Person-Years (Normal-Approximation CI)"")",5a6a51388f8e8c8bd969917502e47a484e5809aceeb060213d28de6f3977e0e9,712044f83ce6dd7bb4ca4237f3f6ffbc8aea5129,strict native full body/styles; complete declared user paragraphs
sheet,demo_ratetab.xlsx,Rates Cluster,ratetab,source_authored_pending_review_execution,"ratetab treated, ci(cluster(region)) outlabels(""CV events"") xlsx(""`xlsx_ratetab'"") sheet(""Rates Cluster"") title(""Table R3. CV Event Rates with Region-Clustered CI"")",5a6a51388f8e8c8bd969917502e47a484e5809aceeb060213d28de6f3977e0e9,712044f83ce6dd7bb4ca4237f3f6ffbc8aea5129,strict native full body/styles; complete declared user paragraphs
sheet,demo_ratetab.xlsx,Rates Formatted,ratetab,source_authored_pending_review_execution,"ratetab treated education, cformat(%5.2f) sep("" to "") outlabels(""CV events"") explabels(""Treatment"" \ ""Education"") xlsx(""`xlsx_ratetab'"") sheet(""Rates Formatted"") title(""Table R4. CV Event Rates, Two Decimals"")",5a6a51388f8e8c8bd969917502e47a484e5809aceeb060213d28de6f3977e0e9,712044f83ce6dd7bb4ca4237f3f6ffbc8aea5129,strict native full body/styles; complete declared user paragraphs
sheet,demo_ratetab.xlsx,Rates Models,comptab,source_authored_pending_review_execution,"comptab _demo_rmodels, rateframe(_demo_rates) rows(all) allmodels keyed effect(""HR"") xlsx(""`xlsx_ratetab'"") sheet(""Rates Models"") title(""Table R5. CV Events, Rates, and Hazard Ratios by Education"") footnote(""HR = hazard ratio. \ Adjusted for treatment, age, sex, diabetes, and hypertension."")",5a6a51388f8e8c8bd969917502e47a484e5809aceeb060213d28de6f3977e0e9,712044f83ce6dd7bb4ca4237f3f6ffbc8aea5129,strict native full body/styles; complete declared user paragraphs
sheet,demo_regtab.xlsx,Flat Reftop,puttab,source_authored_pending_review_execution,"frame _demo_flat: puttab rowlabel c* using ""`xlsx_regtab'"", sheet(""Flat Reftop"") varlabels title(""Table 2c. regtab flat frame written by puttab (reference level on top)"")",2b264db88056d5bb8caf676cad67c697871143f0c410ba7ea1921540361e4b03,712044f83ce6dd7bb4ca4237f3f6ffbc8aea5129,strict native full body/styles; complete declared user paragraphs
sheet,demo_regtab.xlsx,Transpose,regtab,source_authored_pending_review_execution,"regtab, xlsx(""`xlsx_regtab'"") sheet(""Transpose"") transpose keep(treated) stats(n) nopvalue models(""Crude \ Adjusted"") title(""Table 2d. Treatment Odds Ratio by Model Specification"")",2b264db88056d5bb8caf676cad67c697871143f0c410ba7ea1921540361e4b03,712044f83ce6dd7bb4ca4237f3f6ffbc8aea5129,strict native full body/styles; complete declared user paragraphs
sheet,demo_regtab.xlsx,Cell Note,regtab,source_authored_pending_review_execution,"regtab, xlsx(""`xlsx_regtab'"") sheet(""Cell Note"") noint nopvalue cellnote(""Diabetes"" 1 ""Not in model"") models(""Crude \ Adjusted"") title(""Table 2e. Text in a Cell That Must Not Show an Estimate"")",2b264db88056d5bb8caf676cad67c697871143f0c410ba7ea1921540361e4b03,712044f83ce6dd7bb4ca4237f3f6ffbc8aea5129,strict native full body/styles; complete declared user paragraphs
sheet,demo_regtab.xlsx,Fit Counts,regtab,source_authored_pending_review_execution,"regtab, xlsx(""`xlsx_regtab'"") sheet(""Fit Counts"") stats(events people exposure) exposurelabel(""Person-years"") mincount(15) models(""Crude \ Adjusted"") title(""Table 2f. GI Bleeding by Region, Patients Aged 80+"") footnote(""Regions with fewer than 15 events are not estimated (–)."")",2b264db88056d5bb8caf676cad67c697871143f0c410ba7ea1921540361e4b03,712044f83ce6dd7bb4ca4237f3f6ffbc8aea5129,strict native full body/styles; complete declared user paragraphs
sheet,demo_stratetab.xlsx,Rates Formatted,stratetab,source_authored_pending_review_execution,"stratetab, using(""`pkg_dir'/_strate_cv_m"" ""`pkg_dir'/_strate_sh_m"" ""`pkg_dir'/_strate_cv_f"" ""`pkg_dir'/_strate_sh_f"") xlsx(""`xlsx_stratetab'"") outcomes(2) sheet(""Rates Formatted"") outlabels(""CV Events \ Self-Harm"") explabels(""Male \ Female"") cformat(%5.2f) sep("" to "") title(""Table 12b. Incidence Rates, Two Decimals and 'to' Intervals"")",418fb2c0efc6c654ce581ab381402ad91762dcb763209275822b008fc96ec5e0,712044f83ce6dd7bb4ca4237f3f6ffbc8aea5129,strict native full body/styles; complete declared user paragraphs
sheet,demo_survtab.xlsx,Survival,survtab,source_authored_pending_review_execution,"survtab, times(365 730 1095 1460) by(treated) xlsx(""`xlsx_survtab'"") sheet(""Survival"") title(""Table 18. Kaplan-Meier Survival Estimates"") median timeunit(days) footnote(""Survival probabilities estimated by Kaplan-Meier method."")",f54eebe12ec43b3bb8405aca9d5ac0b44c9f46e82e6b5edd764c99ef74cb5442,712044f83ce6dd7bb4ca4237f3f6ffbc8aea5129,strict full body/styles; independently assert complete native/R summary notes
sheet,demo_survtab.xlsx,Survival RMST,survtab,source_authored_pending_review_execution,"survtab, times(365 730 1095 1460) by(treated) rmst(1460) riskset difference xlsx(""`xlsx_survtab'"") sheet(""Survival RMST"") title(""Table 18a. Survival with RMST and Group Differences"") median timeunit(days) footnote(""RMST = restricted mean survival time truncated at 1460 days."")",f54eebe12ec43b3bb8405aca9d5ac0b44c9f46e82e6b5edd764c99ef74cb5442,712044f83ce6dd7bb4ca4237f3f6ffbc8aea5129,strict full body/styles; independently assert complete native/R summary notes
sheet,demo_survtab.xlsx,Cumul Incidence,survtab,source_authored_pending_review_execution,"survtab, times(365 730 1095 1460) by(treated) reverse xlsx(""`xlsx_survtab'"") sheet(""Cumul Incidence"") title(""Table 18b. Cumulative Incidence of CV Events"") timeunit(days) font(""Times New Roman"") fontsize(12) borderstyle(academic)",f54eebe12ec43b3bb8405aca9d5ac0b44c9f46e82e6b5edd764c99ef74cb5442,712044f83ce6dd7bb4ca4237f3f6ffbc8aea5129,strict full body/styles; independently assert complete native/R summary notes
sheet,demo_tabcell.xlsx,Tabcell Column,puttab,source_authored_pending_review_execution,"puttab education ev_cell fu_cell, sheet(""Tabcell Column"") varlabels title(""Table T1. CV Events and Follow-up by Education (tabcell cells)"")",01a7104e4f1918367dae5521a4119cee2adae5ecfdc528d398972d04211d4076,712044f83ce6dd7bb4ca4237f3f6ffbc8aea5129,strict native full body/styles; complete declared user paragraphs
console,console_output.log,C11,survtab,source_authored_pending_review_execution,"survtab, times(365 730 1095 1460) by(treated)",5dad7d4c4fdc66b9024ee29d040fb3125384b1a8aa7f873a4f05f1d70ab3676d,712044f83ce6dd7bb4ca4237f3f6ffbc8aea5129,strict full body/styles; independently assert complete native/R summary notes
console,console_output.log,C18,corrtab,source_authored_pending_review_execution,"corrtab index_age crp prior_hosp,",5dad7d4c4fdc66b9024ee29d040fb3125384b1a8aa7f873a4f05f1d70ab3676d,712044f83ce6dd7bb4ca4237f3f6ffbc8aea5129,strict full body/styles; independently assert native/R legend paragraphs
console,console_output.log,C19,crosstab,source_authored_pending_review_execution,"crosstab treated female, or label",5dad7d4c4fdc66b9024ee29d040fb3125384b1a8aa7f873a4f05f1d70ab3676d,712044f83ce6dd7bb4ca4237f3f6ffbc8aea5129,strict native full body/styles; complete declared user paragraphs
console,console_output.log,C22,crosstab,source_authored_pending_review_execution,"crosstab group category, label smallcells(5)",5dad7d4c4fdc66b9024ee29d040fb3125384b1a8aa7f873a4f05f1d70ab3676d,712044f83ce6dd7bb4ca4237f3f6ffbc8aea5129,strict full body/styles after independently asserted complete R/native automatic count footer
console,console_output.log,C25,crosstab,source_authored_pending_review_execution,"crosstab group category, label smallcells(5)",5dad7d4c4fdc66b9024ee29d040fb3125384b1a8aa7f873a4f05f1d70ab3676d,712044f83ce6dd7bb4ca4237f3f6ffbc8aea5129,strict full body/styles after independently asserted complete R/native automatic count footer
console,console_output.log,C33,tabcell,source_authored_pending_review_execution,"tabcell est treated, eform",5dad7d4c4fdc66b9024ee29d040fb3125384b1a8aa7f873a4f05f1d70ab3676d,712044f83ce6dd7bb4ca4237f3f6ffbc8aea5129,"exact rendered publication-cell text, selected form and literal input provenance"
console,console_output.log,C34,tabcell,source_authored_pending_review_execution,"tabcell est treated, eform format(%5.3f) sep("" to "")",5dad7d4c4fdc66b9024ee29d040fb3125384b1a8aa7f873a4f05f1d70ab3676d,712044f83ce6dd7bb4ca4237f3f6ffbc8aea5129,"exact rendered publication-cell text, selected form and literal input provenance"
console,console_output.log,C35,tabcell,source_authored_pending_review_execution,"tabcell est, lincom",5dad7d4c4fdc66b9024ee29d040fb3125384b1a8aa7f873a4f05f1d70ab3676d,712044f83ce6dd7bb4ca4237f3f6ffbc8aea5129,"exact rendered publication-cell text, selected form and literal input provenance"
console,console_output.log,C36,tabcell,source_authored_pending_review_execution,"tabcell p, p(0.0004)",5dad7d4c4fdc66b9024ee29d040fb3125384b1a8aa7f873a4f05f1d70ab3676d,712044f83ce6dd7bb4ca4237f3f6ffbc8aea5129,"exact rendered publication-cell text, selected form and literal input provenance"
console,console_output.log,C37,tabcell,source_authored_pending_review_execution,"tabcell np, n(3) d(40) mincell(5)",5dad7d4c4fdc66b9024ee29d040fb3125384b1a8aa7f873a4f05f1d70ab3676d,712044f83ce6dd7bb4ca4237f3f6ffbc8aea5129,"exact rendered publication-cell text, selected form and literal input provenance"
console,console_output.log,C38,tabcell,source_authored_pending_review_execution,"tabcell enp, e(2149) n(6066)",5dad7d4c4fdc66b9024ee29d040fb3125384b1a8aa7f873a4f05f1d70ab3676d,712044f83ce6dd7bb4ca4237f3f6ffbc8aea5129,"exact rendered publication-cell text, selected form and literal input provenance"
console,console_output.log,C39,tabcell,source_authored_pending_review_execution,"tabcell iqr, median(`r(p50)') q1(`r(p25)') q3(`r(p75)') format(%6.0fc)",5dad7d4c4fdc66b9024ee29d040fb3125384b1a8aa7f873a4f05f1d70ab3676d,712044f83ce6dd7bb4ca4237f3f6ffbc8aea5129,"exact rendered publication-cell text, selected form and literal input provenance"
console,console_output.log,C40,ratetab,source_authored_pending_review_execution,"ratetab treated education, outlabels(""CV events"")",5dad7d4c4fdc66b9024ee29d040fb3125384b1a8aa7f873a4f05f1d70ab3676d,712044f83ce6dd7bb4ca4237f3f6ffbc8aea5129,strict native full body/styles; complete declared user paragraphs
console,console_output.log,C41,ratetab,source_authored_pending_review_execution,"ratetab treated, ci(cluster(region)) outlabels(""CV events"")",5dad7d4c4fdc66b9024ee29d040fb3125384b1a8aa7f873a4f05f1d70ab3676d,712044f83ce6dd7bb4ca4237f3f6ffbc8aea5129,strict native full body/styles; complete declared user paragraphs
console,console_output.log,C42,outtab,source_authored_pending_review_execution,"outtab cv_event selfharm fracture gi_bleed, exposure(treated)",5dad7d4c4fdc66b9024ee29d040fb3125384b1a8aa7f873a4f05f1d70ab3676d,712044f83ce6dd7bb4ca4237f3f6ffbc8aea5129,strict native full body/styles; complete declared user paragraphs
console,console_output.log,C44,regtab,source_authored_pending_review_execution,"regtab, transpose keep(treated) stats(n) nopvalue",5dad7d4c4fdc66b9024ee29d040fb3125384b1a8aa7f873a4f05f1d70ab3676d,712044f83ce6dd7bb4ca4237f3f6ffbc8aea5129,strict native full body/styles; complete declared user paragraphs
console,console_output.log,C45,regtab,source_authored_pending_review_execution,"regtab, cellnote(""Diabetes"" 1 ""Not in model"") nopvalue noint",5dad7d4c4fdc66b9024ee29d040fb3125384b1a8aa7f873a4f05f1d70ab3676d,712044f83ce6dd7bb4ca4237f3f6ffbc8aea5129,strict native full body/styles; complete declared user paragraphs
console,console_output.log,C46,regtab,source_authored_pending_review_execution,"regtab, stats(events people exposure) exposurelabel(""Person-years"")",5dad7d4c4fdc66b9024ee29d040fb3125384b1a8aa7f873a4f05f1d70ab3676d,712044f83ce6dd7bb4ca4237f3f6ffbc8aea5129,strict native full body/styles; complete declared user paragraphs
console,console_output.log,C51,crosstab,source_authored_pending_review_execution,"crosstab treated female, or label",5dad7d4c4fdc66b9024ee29d040fb3125384b1a8aa7f873a4f05f1d70ab3676d,712044f83ce6dd7bb4ca4237f3f6ffbc8aea5129,strict native full body/styles; complete declared user paragraphs
console,console_output.log,C52,corrtab,source_authored_pending_review_execution,"corrtab index_age crp prior_hosp, star(0.05 0.01 0.001)",5dad7d4c4fdc66b9024ee29d040fb3125384b1a8aa7f873a4f05f1d70ab3676d,712044f83ce6dd7bb4ca4237f3f6ffbc8aea5129,strict full body/styles; independently assert native/R legend paragraphs
report,demo_markdown_report.md,Table 2. Treatment by Sex,crosstab,source_authored_pending_review_execution,,b989fb4d3edaffff9a05d43124ed8db1cfc7c9bc05c5a390a660330c10b7f6aa,712044f83ce6dd7bb4ca4237f3f6ffbc8aea5129,strict native full body/styles; complete declared user paragraphs
report,demo_markdown_report.md,Table 3. Correlation Matrix,corrtab,source_authored_pending_review_execution,,b989fb4d3edaffff9a05d43124ed8db1cfc7c9bc05c5a390a660330c10b7f6aa,712044f83ce6dd7bb4ca4237f3f6ffbc8aea5129,strict full body/styles; independently assert native/R legend paragraphs
