variable,storage
id,int
female,byte
study_entry,int
index_age,double
birth_date,int
education,byte
income_quintile,byte
born_abroad,byte
civil_status,byte
region,byte
death_date,int
study_exit,int
treated,byte
diabetes,byte
hypertension,byte
anxiety,byte
prior_cvd,byte
cv_event_date,int
selfharm_date,int
fracture_date,int
gi_bleed_date,int
cv_event,byte
follow_up,double
_st,byte
_d,byte
_t,int
_t0,byte
ps,double
iptw,double
crp,double
prior_hosp,byte
rare_event,byte
smoking,byte
selfharm,byte
fracture,byte
gi_bleed,byte
