"file","sha256"
"cohort.dta","b0eca9c0df532aca005c7e07ae2074c7575389af2c4d7f6dca3e2d0b413ee7c1"
"mixed_bp.dta","0defdcfbf0b4a433c6e1c5db8c82bead91c4ae4c34a1ca05264daaaa0a6640c2"
"zip.dta","26cb177d2ed663c11ce863422e554217e772c623c1e430972874c91d4f3f8311"
"hurdle.dta","a349e116b4920a8d721b839810ac42c75bf8bae2bf40ef3f932683e0757b04de"
"hrt_bin.dta","4d2e7dd41fa37d24f4ff580208488c725a321239028dc43ce00222f5b6168813"
"hrt_dose.dta","bf742425b9c677e49f352dd060a1f2526466a11cdf7f4e514da3bcad28e0e2ac"
"union.dta","f7666877e3fdd98ca51214b5be21f7389462d69f17a254d436e22bebee3686fc"
"auto.dta","9bc2f9bb96c168b5d835fde868c66c2658295862116271f8a2437e62a8d77727"
"cohort.storage.csv","c475045d7959a87204a9abf47545054aa6968a51cc125dadd3101942d89bf49c"
"mixed_bp.storage.csv","45ebf7d3d002fac0021e767f989ccd644d768cca1c88f4504e1b4ca6bfd1ca17"
"zip.storage.csv","6d32b5f2186f2af299d8c05e45069cacbc958394d01f16e2bbf5efa76df62bad"
"hurdle.storage.csv","e999c5ff1f621d1f7cb2deee7da07a29c7cea27f4229c196bf1b75d1e7c6e49f"
"hrt_bin.storage.csv","0e1de358e4dcd39485fa98a14436241efa2131019947e2561208bc5e9b286cf0"
"hrt_dose.storage.csv","1bf4e0b8f03dddf5feac1b40f4f0565e6f9f15d56ac43723b3199092d60167d9"
"union.storage.csv","2c046591838a50ff3373fcbfc2fc131a2765fb2068ed889dbc09d82d02873c16"
"auto.storage.csv","8ce11d147d18381cfeb35a66515ba7009d802ef1382f811e5d40b4e486d6debf"
"SCHEMA.rds","9adf6fc586d63c8cb1f500e6dec325392d113d85dac1db42430c9635398e73f1"
"extraction.do","ff49a7158f2a801ba110e4985376919c964d851393a4cd903afdd4e253f175a1"
