"key","value"
"stata_tools_commit","712044f8"
"stata_tools_full_commit","712044f83ce6dd7bb4ca4237f3f6ffbc8aea5129"
"tabtools_version","2.5.1"
"stata_version","17"
"rng","mt64"
"generated","2026-10-07 08:01:33 UTC"
"demo_source_sha256","b2b4c7edcc7c49a029a1e39aeac8e1474cc2ba6bd24e08378a8e2bc645af8abf"
"demo_dir","/tmp/tabtools-3g-native-stage-c9somwtk/work/tabtools-demo-stata-22596515986b/export/tabtools/demo"
"native_adopath","/tmp/tabtools-3g-native-stage-c9somwtk/work/tabtools-demo-stata-22596515986b/export/tabtools"
"source_status","native_staged"
