name,kind,row,col,value
_golden_id,meta,,,XT018
_golden_tabtools_version,meta,,,2.5.1
_golden_fvgen_version,meta,,,
_golden_stata_version,meta,,,17
markdown_cols,scalar,,,4
markdown_rows,scalar,,,4
ci_level,scalar,,,95
N,scalar,,,100
p,scalar,,,.0000445570906041
chi2,scalar,,,16.666666666666671
sheet,macro,,,XT018
xlsx,macro,,,/home/tpcopeland/R-Dev/_notes/tabtools-parity-2026-10-06/wp-6a/native-xt-v2/XT018.xlsx
markdown,macro,,,/home/tpcopeland/R-Dev/_notes/tabtools-parity-2026-10-06/wp-6a/native-xt-v2/XT018.md
methods,macro,,,"Cross-tabulation was performed for row by  column. Statistical significance was assessed using Pearson's chi-squared test. Analysis performed in Stata 17 (StataCorp, College Station, TX)."
table,matrix,1,1,40
table,matrix,1,2,20
table,matrix,2,1,10
table,matrix,2,2,30
